0 0.013423199 0
1 0.184351990 0
2 0.676066882 0
3 0.515824450 0
4 0.835822942 0
5 0.673805026 0
6 0.620043133 0
7 0.026836069 0
8 0.712298775 0
9 0.767392057 1
10 0.001839541 0
11 0.026370019 0
12 0.037644148 0
13 0.844882626 1
14 0.076489286 0
15 0.042914969 0
16 0.500000000 0
17 0.727441865 1
18 0.044788099 0
19 0.695179664 0
20 0.073468791 0
21 0.101716809 0
22 0.391542551 0
23 0.014154146 0
24 0.045712117 0
25 0.614157572 0
26 0.021908164 0
27 0.051091277 0
28 0.002173790 0
29 0.610607059 0
30 0.608699557 0
31 0.023574960 0
32 0.086963042 0
33 0.011605028 0
34 0.030876499 0
35 0.758839457 0
36 0.064396419 0
37 0.682373092 0
38 0.205273010 0
39 0.132262013 0
40 0.655220031 1
41 0.053306370 0
42 0.047957203 0
43 0.094871911 0
44 0.843440616 0
45 0.062031282 0
46 0.623719587 0
47 0.012215878 0
48 0.028314688 0
49 0.009647606 0
50 0.806041604 0
51 0.598724165 0
52 0.166179023 0
53 0.076201707 0
54 0.040647722 0
55 0.013077092 0
56 0.374534285 0
57 0.269319129 0
58 0.682424043 0
59 0.645673186 0
60 0.009737420 0
61 0.112235200 0
62 0.881420339 0
63 0.330072931 0
64 0.129169672 0
65 0.805226589 0
66 0.005208893 0
67 0.523254728 1
68 0.192058706 0
69 0.939437843 1
70 0.095074635 0
71 0.048297423 0
72 0.043129134 0
73 0.088904276 0
74 0.777196912 0
75 0.039253544 0
76 0.076839258 0
77 0.080074194 0
78 0.010288952 0
79 0.552902967 0
80 0.149666166 0
81 0.035359017 0
82 0.063563981 0
83 0.107888705 0
84 0.708157958 0
85 0.609749058 0
86 0.005894950 0
87 0.406122532 0
88 0.760974709 0
89 0.088522943 0
90 0.754443839 1
91 0.054891337 0
92 0.970062917 1
93 0.026402320 0
94 0.157552241 0
95 0.043636066 0
96 0.159523083 0
97 0.129382104 0
98 0.079482118 0
99 0.299179882 0
100 0.066861643 0
101 0.323313958 0
102 0.080964591 0
103 0.037751119 0
104 0.830834636 1
105 0.415601967 0
106 0.377224819 0
107 0.058178440 0
108 0.576958158 0
109 0.900136669 0
110 0.656100848 0
111 0.030820732 0
112 0.001609293 0
113 0.012144367 0
114 0.811089607 0
115 0.059841499 0
116 0.051707224 0
117 0.009620350 0
118 0.038360575 0
119 0.066545554 0
120 0.473460369 0
121 0.018612918 0
122 0.040575436 0
123 0.818949411 0
124 0.081569388 0
125 0.086719277 0
126 0.565372004 0
127 0.045932159 0
128 0.855085938 0
129 0.077330188 0
130 0.787981579 0
131 0.517929130 0
132 0.087457453 0
133 0.096841623 0
134 0.792468418 0
135 0.029698948 0
136 0.044760152 0
137 0.661276011 0
138 0.763176103 0
139 0.002453529 0
140 0.060484909 1
141 0.656703795 0
142 0.618472012 0
143 0.035352440 0
144 0.890138406 0
145 0.711507563 0
146 0.828758609 0
147 0.870668632 0
148 0.072291715 0
149 0.472178922 0
150 0.556453244 0
151 0.688253644 0
152 0.822071533 0
153 0.095764550 0
154 0.070263154 0
155 0.031497829 0
156 0.447010833 0
157 0.890577795 0
158 0.042713123 0
159 0.022151333 0
160 0.028109093 0
161 0.022151396 0
162 0.109264078 0
163 0.023229515 0
164 0.061007644 0
165 0.883751829 0
166 0.000300500 0
167 0.063894019 0
168 0.055201729 0
169 0.002987739 0
170 0.122627431 0
171 0.099270073 0
172 0.037564930 0
173 0.116818507 0
174 0.059721485 0
175 0.243769751 0
176 0.863042634 0
177 0.848524427 0
178 0.027973500 0
179 0.868591690 0
180 0.303141408 0
181 0.001242877 0
182 0.082740893 0
183 0.015912476 0
184 0.034218238 0
185 0.541265352 0
186 0.039821178 0
187 0.645839636 0
188 0.468901958 0
189 0.811632033 0
190 0.699387984 0
191 0.004308743 0
192 0.670904740 0
193 0.079702011 0
194 0.078698619 0
195 0.023361426 0
196 0.892567744 0
197 0.001734872 0
198 0.042368907 0
199 0.626317340 0
200 0.355145986 0
201 0.022092655 0
202 0.076649380 0
203 0.809638726 0
204 0.068788848 0
205 0.078355007 0
206 0.028260573 0
207 0.864412911 0
208 0.157595418 0
209 0.765990141 1
210 0.006300546 0
211 0.257169910 0
212 0.841204275 1
213 0.091739944 0
214 0.442607600 0
215 0.700179226 0
216 0.022505553 0
217 0.683153776 0
218 0.612439353 1
219 0.069596083 0
220 0.860665889 0
221 0.050229453 0
222 0.121689288 0
223 0.364037966 1
224 0.122663710 0
225 0.851933910 0
226 0.863860641 0
227 0.181667904 0
228 0.075925592 0
229 0.046791940 0
230 0.009359402 0
231 0.055721642 0
232 0.089133487 0
233 0.091942050 0
234 0.011496037 0
235 0.060751498 0
236 0.017587412 0
237 0.753467105 0
238 0.061763995 0
239 0.046558757 0
240 0.083868340 0
241 0.020857329 0
242 0.016495661 0
243 0.048100959 0
244 0.757045019 0
245 0.029019399 0
246 0.031971161 0
247 0.089256519 0
248 0.016138182 0
249 0.500000000 0
250 0.779710521 0
251 0.065574263 0
252 0.029120402 0
253 0.602227300 0
254 0.748565813 0
255 0.228691416 0
256 0.048270106 0
257 0.700250654 0
258 0.038973738 0
259 0.119992357 1
260 0.015239087 0
261 0.719778284 0
262 0.265822132 0
263 0.742200497 0
264 0.081898700 0
265 0.624778693 1
266 0.153851702 1
267 0.620958152 0
268 0.456570072 0
269 0.126791650 0
270 0.008127662 0
271 0.129384234 0
272 0.865529592 0
273 0.073656426 0
274 0.135389920 0
275 0.085501369 0
276 0.043825225 0
277 0.023201923 0
278 0.016602331 0
279 0.035542309 0
280 0.045539750 0
281 0.040251869 0
282 0.013566184 0
283 0.021205053 0
284 0.027721858 0
285 0.846103829 0
286 0.050811665 0
287 0.078044768 0
288 0.008678718 0
289 0.014361401 0
290 0.482689069 0
291 0.064361031 0
292 0.186701985 0
293 0.412108098 0
294 0.444553842 0
295 0.777238063 1
296 0.018812704 0
297 0.018240632 0
298 0.068447753 0
299 0.078516794 0
300 0.659352159 0
301 0.008709114 0
302 0.033032110 0
303 0.723474153 0
304 0.039281665 0
305 0.084571103 0
306 0.017681771 0
307 0.128278848 0
308 0.858918459 0
309 0.009027737 0
310 0.034690494 0
311 0.465545933 0
312 0.112950689 0
313 0.068651061 0
314 0.301489085 0
315 0.083119943 0
316 0.026629627 0
317 0.877260943 0
318 0.879894573 0
319 0.727645495 1
320 0.152245490 0
321 0.016554612 0
322 0.063428677 0
323 0.002630788 0
324 0.760727946 0
325 0.342106938 0
326 0.815354503 0
327 0.964220600 0
328 0.158136163 1
329 0.177689024 0
330 0.781723570 0
331 0.228845722 1
332 0.059126439 0
333 0.069523997 0
334 0.215554521 0
335 0.726058539 0
336 0.528408683 0
337 0.881503874 0
338 0.751724193 0
339 0.186467833 0
340 0.091575691 0
341 0.753511077 0
342 0.138255805 0
343 0.005734919 0
344 0.343697505 0
345 0.701406230 0
346 0.063864562 0
347 0.016928263 0
348 0.801437128 1
349 0.082838246 0
350 0.753076272 0
351 0.182962129 1
352 0.057789607 0
353 0.040236696 0
354 0.023233224 0
355 0.021060724 0
356 0.024330892 0
357 0.474556955 0
358 0.014818390 0
359 0.306183200 0
360 0.645471553 0
361 0.020838062 0
362 0.008251044 0
363 0.054306292 0
364 0.762927393 0
365 0.893768521 0
366 0.074370167 0
367 0.109666049 0
368 0.721408393 0
369 0.201634618 0
370 0.010503860 0
371 0.067140163 0
372 0.736325216 0
373 0.046203305 0
374 0.079427443 0
375 0.840916887 1
376 0.100081297 0
377 0.766109906 1
378 0.114420410 0
379 0.618907578 1
380 0.644782414 0
381 0.002285052 0
382 0.129047934 0
383 0.042272335 0
384 0.045744669 0
385 0.802484990 0
386 0.753595077 0
387 0.053188391 0
388 0.055814625 0
389 0.024224623 0
390 0.853977620 1
391 0.045344809 0
392 0.051079753 0
393 0.016555497 0
394 0.057906523 0
395 0.009192768 0
396 0.029559390 0
397 0.049262905 0
398 0.132743031 0
399 0.348821751 0
400 0.471673956 0
401 0.728215373 0
402 0.060176177 0
403 0.505363059 0
404 0.020824588 0
405 0.024569419 0
406 0.825504543 0
407 0.594335470 0
408 0.060610355 0
409 0.267794070 0
410 0.097928730 0
411 0.054160639 0
412 0.025476384 0
413 0.037940489 0
414 0.699571153 0
415 0.014084011 0
416 0.013736157 0
417 0.010515778 0
418 0.011282152 0
419 0.000757224 0
420 0.076740046 0
421 0.033242018 0
422 0.542556263 0
423 0.751063276 0
424 0.456674452 0
425 0.072920375 0
426 0.271657998 0
427 0.088067066 0
428 0.073106312 0
429 0.644453456 0
430 0.046951905 0
431 0.094629190 0
432 0.090729433 0
433 0.858358590 0
434 0.062549526 0
435 0.762471653 0
436 0.072722474 0
437 0.923906346 1
438 0.069015826 0
439 0.025780668 0
440 0.041417598 0
441 0.050766277 0
442 0.026802918 0
443 0.057267873 0
444 0.605049791 1
445 0.593944078 0
446 0.020529990 0
447 0.084712578 0
448 0.232403310 0
449 0.036624003 0
450 0.559588025 0
451 0.010887538 0
452 0.532179495 0
453 0.725905463 0
454 0.022927095 0
455 0.369094614 0
456 0.024197268 0
457 0.159222415 0
458 0.069854332 0
459 0.767224252 0
460 0.038133280 0
461 0.569205009 0
462 0.048394941 0
463 0.259381725 0
464 0.019129996 0
465 0.227145051 0
466 0.121994757 0
467 0.818872342 0
468 0.065766296 0
469 0.066685165 0
470 0.061660381 0
471 0.024707920 0
472 0.062376326 0
473 0.478925650 0
474 0.676988022 0
475 0.723217849 0
476 0.008948562 0
477 0.070494894 0
478 0.027404629 0
479 0.747713160 0
480 0.416633873 0
481 0.054283221 0
482 0.020742150 0
483 0.055493845 0
484 0.081551647 0
485 0.045089505 0
486 0.073823357 0
487 0.073085660 0
488 0.769406819 0
489 0.049666028 0
490 0.075136356 0
491 0.069951055 0
492 0.775666253 0
493 0.708692021 0
494 0.688346803 0
495 0.016590330 0
496 0.550386399 0
497 0.734517305 0
498 0.664710099 1
499 0.034413349 0
500 0.043351644 0
501 0.060575820 0
502 0.030265073 0
503 0.575597030 0
504 0.043259635 0
505 0.003793397 0
506 0.027359425 0
507 0.031226687 0
508 0.500000000 0
509 0.037951640 0
510 0.017960135 0
511 0.034022146 0
512 0.532626411 0
513 0.060020502 0
514 0.750024838 0
515 0.135205095 0
516 0.079957048 0
517 0.169502821 0
518 0.611129576 0
519 0.784433121 0
520 0.684060030 0
521 0.793902466 0
522 0.054798240 0
523 0.764127331 0
524 0.117490219 0
525 0.833960771 0
526 0.902450208 0
527 0.345608446 0
528 0.012153952 0
529 0.027148817 0
530 0.099661957 0
531 0.043828135 0
532 0.787602229 0
533 0.004305478 0
534 0.046343604 0
535 0.824576340 0
536 0.718170350 1
537 0.016797342 0
538 0.000232288 0
539 0.046863681 0
540 0.058469182 0
541 0.074912354 0
542 0.007741854 0
543 0.026708656 0
544 0.022342852 0
545 0.055116178 0
546 0.828675710 0
547 0.570334563 0
548 0.015680721 0
549 0.444070032 0
550 0.530325692 0
551 0.271545291 0
552 0.711113484 1
553 0.058407200 0
554 0.514311031 0
555 0.628818221 0
556 0.672826126 0
557 0.019080953 0
558 0.077088361 0
559 0.132437136 0
560 0.411339141 0
561 0.126554126 0
562 0.185930445 0
563 0.006462776 0
564 0.112220434 0
565 0.273019975 0
566 0.068854700 0
567 0.774551046 0
568 0.895893833 0
569 0.101368371 0
570 0.835647395 0
571 0.121050095 0
572 0.067291129 0
573 0.046621165 0
574 0.814513790 0
575 0.060097057 0
576 0.082122112 0
577 0.138974145 0
578 0.034411785 0
579 0.120710284 0
580 0.172586970 0
581 0.064539811 0
582 0.922758082 0
583 0.878202872 1
584 0.674062755 0
585 0.053411502 0
586 0.169098580 0
587 0.084183883 0
588 0.891393556 0
589 0.862597740 0
590 0.070364236 0
591 0.651581760 0
592 0.071163983 0
593 1.000000000 0
594 0.011057054 0
595 0.051993865 0
596 0.774486696 0
597 0.536044337 1
598 0.061281981 0
599 0.009013190 0
600 0.013004434 0
601 0.025690228 0
602 0.101369026 0
603 0.853728015 0
604 0.787584871 0
605 0.861943975 0
606 0.091920163 0
607 0.030682074 0
608 0.055009545 0
609 0.884206251 0
610 0.030654051 0
611 0.809582666 1
612 0.131644627 0
613 0.074528299 0
614 0.744814066 0
615 0.548416117 0
616 0.066897461 0
617 0.048208878 0
618 0.014264700 0
619 0.081275734 0
620 0.133219669 0
621 0.065882473 0
622 0.832813279 0
623 0.029550583 0
624 0.018659478 0
625 0.090918011 0
626 0.034254320 0
627 0.894434768 0
628 0.717081740 0
629 0.082536759 0
630 0.037746325 0
631 0.163442738 0
632 0.106099010 0
633 0.895853531 1
634 0.000561714 0
635 0.681019830 0
636 0.803854498 0
637 0.612604164 0
638 0.768630757 1
639 0.101958952 0
640 0.092573259 0
641 0.036135572 0
642 0.009563969 0
643 0.821230685 1
644 0.411579277 0
645 0.035045869 0
646 0.080747298 0
647 0.034016693 0
648 0.758211399 0
649 0.943774202 1
650 0.096144160 0
651 0.907953963 0
652 0.032924528 0
653 0.054273875 0
654 0.038689608 0
655 0.118456906 0
656 0.115680981 0
657 0.091130781 0
658 0.048372390 0
659 0.007242931 0
660 0.006544076 0
661 0.091350065 0
662 0.799772663 1
663 0.037607416 0
664 0.037968166 0
665 0.665017875 0
666 0.779313003 0
667 0.478278650 0
668 0.112234562 0
669 0.771248042 1
670 0.043753120 0
671 0.681463952 0
672 0.079668287 0
673 0.603607874 0
674 0.134125875 0
675 0.704181270 1
676 0.020122990 0
677 0.643912484 0
678 0.036763420 0
679 0.018232554 0
680 0.139579667 0
681 0.655965491 0
682 0.013889812 0
683 0.743413375 1
684 0.862700999 0
685 0.340401854 1
686 0.313908731 0
687 0.677431165 0
688 0.707937596 0
689 0.531929820 0
690 0.746067609 0
691 0.071361148 0
692 0.043009802 0
693 0.041993972 0
694 0.019210699 0
695 0.236790880 0
696 0.609292478 0
697 0.536076781 1
698 0.429345079 0
699 0.046196434 0
700 0.005515149 0
701 0.648017270 1
702 0.232411746 0
703 0.552876019 0
704 0.011291327 0
705 0.019391756 0
706 0.483620435 0
707 0.011250743 0
708 0.009229878 0
709 0.822722555 0
710 0.480814560 0
711 0.078697003 0
712 0.056031966 0
713 0.008875677 0
714 0.097416881 0
715 0.470689534 0
716 0.833551246 1
717 0.081124001 0
718 0.018972949 0
719 0.152857320 0
720 0.732222893 0
721 0.120180737 0
722 0.064246029 0
723 0.306065884 0
724 0.139306844 0
725 0.054729257 0
726 0.034399077 0
727 0.911089663 0
728 0.870650044 0
729 0.058302472 0
730 0.031814151 0
731 0.764946070 0
732 0.095222570 0
733 0.818124479 0
734 0.029553500 0
735 0.472995980 0
736 0.214227561 0
737 0.032759731 0
738 0.649040488 0
739 0.617612195 0
740 0.034944746 0
741 0.076938716 0
742 0.078426341 0
743 0.054558335 0
744 0.022489392 0
745 0.791594753 0
746 0.479253065 0
747 0.730138932 0
748 0.081920636 0
749 0.103815321 0
750 0.039742057 0
751 0.031416323 0
752 0.752184432 0
753 0.108989053 0
754 0.084372414 0
755 0.047133723 0
756 0.448221103 0
757 0.031797691 0
758 0.606935762 0
759 0.557941463 0
760 0.083759942 0
761 0.083489797 0
762 0.084347218 0
763 0.401774389 0
764 0.658555502 1
765 0.711381049 0
766 0.016863783 0
767 0.046567720 0
768 0.294526744 0
769 0.022834565 0
770 0.397477033 0
771 0.004863116 0
772 0.008940097 0
773 0.132567574 0
774 0.034677605 0
775 0.652431109 0
776 0.042637340 0
777 0.721664706 0
778 0.101226100 0
779 0.620194686 1
780 0.050700384 0
781 0.856079132 0
782 0.099651673 0
783 0.883857513 1
784 0.665554312 0
785 0.089939651 0
786 0.035467339 0
787 0.401558980 0
788 0.791697360 0
789 0.651564548 0
790 0.061555143 0
791 0.070646984 0
792 0.572017340 1
793 0.700641041 0
794 0.054211796 0
795 0.001230725 0
796 0.004632724 0
797 0.824955746 0
798 0.500000000 0
799 0.054435681 0
800 0.088526943 0
801 0.005577296 0
802 0.116874374 0
803 0.309106162 0
804 0.840469847 0
805 0.001594299 0
806 0.006015296 0
807 0.113701990 0
808 0.096750845 0
809 0.494697382 0
810 0.030642255 0
811 0.641879824 1
812 0.778143465 1
813 0.039672883 0
814 0.042163418 0
815 0.837760243 0
816 0.070327518 0
817 0.042773867 0
818 0.004118680 0
819 0.000163554 0
820 0.053713310 0
821 0.569142536 0
822 0.793087058 0
823 0.051670199 0
824 0.833231786 0
825 0.617357814 0
826 0.110165217 0
827 0.649869271 0
828 0.783083863 0
829 0.042869510 0
830 0.785341558 0
831 0.004428980 0
832 0.607974043 0
833 0.335667392 0
834 0.862750370 0
835 0.862820393 0
836 0.049920192 0
837 0.736135155 1
838 0.728697076 0
839 0.002483559 0
840 0.025359295 0
841 0.068852141 0
842 0.830526099 0
843 0.007850806 0
844 0.051865733 0
845 0.869175539 0
846 0.041480328 0
847 0.862711636 1
848 0.851541854 0
849 0.052320731 0
850 0.177327134 0
851 0.444456809 0
852 0.010571491 0
853 0.340078972 0
854 0.837533190 0
855 0.006356076 0
856 0.112055158 0
857 0.062769935 0
858 0.013417121 0
859 0.065653725 0
860 0.098739923 0
861 0.740696013 1
862 0.102009389 0
863 0.130853781 0
864 0.621775875 0
865 0.057802657 0
866 0.046339080 0
867 0.373586065 0
868 0.736236578 0
869 0.765232761 0
870 0.006028779 0
871 0.888990989 0
872 0.394539245 0
873 0.541788257 0
874 0.041796036 0
875 0.110032888 0
876 0.070972422 0
877 0.031842667 0
878 0.133178048 0
879 0.102662722 0
880 0.066986971 0
881 0.699356424 0
882 0.064035529 0
883 0.559381949 0
884 0.136426848 0
885 0.181789992 0
886 0.054291193 0
887 0.790502778 0
888 0.081758170 0
889 0.428741367 0
890 0.058290290 0
891 0.026375539 0
892 0.055690219 0
893 0.013773062 0
894 0.126032810 0
895 0.077894083 0
896 0.067483686 0
897 0.750521390 0
898 0.101923592 0
899 0.037955536 0
900 0.870258967 0
901 0.089790777 0
902 0.055283542 0
903 0.744392957 0
904 0.710891307 0
905 0.082616227 0
906 0.493508213 0
907 0.051049380 0
908 0.594426038 1
909 0.028556261 0
910 0.060587808 0
911 0.002848913 0
912 0.060783270 0
913 0.023933907 0
914 0.023150130 0
915 0.892094131 1
916 0.783844923 0
917 0.813280237 0
918 0.057521495 0
919 0.037632541 0
920 0.458551545 0
921 0.000104809 0
922 0.003930009 0
923 0.078214266 0
924 0.073752153 0
925 0.016567587 0
926 0.080190272 0
927 0.099692185 0
928 0.014561157 0
929 0.772116083 0
930 0.654586892 0
931 0.072182112 0
932 0.787320477 1
933 0.036804508 0
934 0.087421062 0
935 0.066854967 0
936 0.360423552 0
937 0.057774728 0
938 0.419316061 0
939 0.065039158 0
940 0.048286133 0
941 0.458341567 0
942 0.903223286 0
943 0.534499514 0
944 0.061830795 0
945 0.479404242 0
946 0.041420830 0
947 0.079624326 0
948 0.731373969 0
949 0.011688561 0
950 0.531172162 0
951 0.042352787 0
952 0.072099401 0
953 0.596741175 0
954 0.647532894 0
955 0.189404494 0
956 0.084400637 0
957 0.868589621 1
958 0.084328721 0
959 0.003373953 0
960 0.033473810 0
961 0.086912457 0
962 0.061307981 0
963 0.300040819 0
964 0.500000000 0
965 0.187749628 0
966 0.076216522 0
967 0.101365951 0
968 0.092616433 0
969 0.816367628 0
970 0.135063123 0
971 0.124136500 0
972 0.031227847 0
973 0.675444235 0
974 0.155203261 0
975 0.021181197 0
976 0.789680282 0
977 0.035462814 0
978 0.914058836 0
979 0.030076647 0
980 0.722008409 0
981 0.071906864 0
982 0.044526735 0
983 0.011354400 0
984 0.060211055 0
985 0.434367603 0
986 0.028544514 0
987 0.015063122 0
988 0.070844625 0
989 0.813556188 0
990 0.861381254 0
991 0.049430050 0
992 0.850321250 0
993 0.108831559 0
994 0.054311852 0
995 0.718474603 0
996 0.812281627 0
997 0.520297602 0
998 0.398743757 0
999 0.837377930 1
1000 0.031837779 0
1001 0.044244515 0
1002 0.842116958 0
1003 0.367436668 0
1004 0.030825389 0
1005 0.767227434 1
1006 0.440536665 0
1007 0.057223708 0
1008 0.688018783 0
1009 0.718945782 0
1010 0.428037510 0
1011 0.033136454 0
1012 0.138277287 0
1013 0.892423238 0
1014 0.034019192 0
1015 0.718329912 0
1016 0.582618183 0
1017 0.048023896 0
1018 0.103074195 0
1019 0.198546631 0
1020 0.042611097 0
1021 0.578258006 0
1022 0.636419643 0
1023 0.072595300 0
1024 0.598620918 0
1025 0.074405987 0
1026 0.015490966 0
1027 0.091117153 0
1028 0.007951163 0
1029 0.015757372 0
1030 0.065797884 0
1031 0.708549121 0
1032 0.298520296 0
1033 0.612078768 0
1034 0.109046271 0
1035 0.034288947 0
1036 0.086289863 0
1037 0.036827679 0
1038 0.029785093 0
1039 0.652497703 1
1040 0.086766014 0
1041 0.798307538 0
1042 0.029355800 0
1043 0.918399797 0
1044 0.063606546 0
1045 0.203845940 0
1046 0.665139146 0
1047 0.743370026 0
1048 0.021045118 0
1049 0.170843138 0
1050 0.063508336 0
1051 0.133426878 0
1052 0.072885658 0
1053 0.118707500 0
1054 0.021436179 0
1055 0.115012447 0
1056 0.016457908 0
1057 0.839632954 0
1058 0.134226963 0
1059 0.703382892 0
1060 0.799054750 0
1061 0.084621671 0
1062 0.500000000 0
1063 0.465425290 0
1064 0.856894791 1
1065 0.019835071 0
1066 0.054827945 0
1067 0.047741646 0
1068 0.647551618 0
1069 0.652559629 0
1070 0.655792696 0
1071 0.011218817 0
1072 0.438133940 0
1073 0.156106737 0
1074 0.709924703 0
1075 0.008767285 0
1076 0.691286552 0
1077 0.038882634 0
1078 0.090044086 0
1079 0.176391449 0
1080 0.039263662 0
1081 0.115385858 0
1082 0.130565850 0
1083 0.073686402 0
1084 0.078269814 0
1085 0.017043831 0
1086 0.135149813 0
1087 0.017239007 0
1088 0.096177209 0
1089 0.025565846 0
1090 0.641915512 1
1091 0.036061170 0
1092 0.002835374 0
1093 0.652291887 1
1094 0.078933631 0
1095 0.015422755 0
1096 0.120816294 0
1097 0.091039170 0
1098 0.593012675 0
1099 0.099119947 0
1100 0.033387366 0
1101 0.070838563 0
1102 0.007137183 0
1103 0.739560603 1
1104 0.061955358 0
1105 0.016052911 0
1106 0.557389190 0
1107 0.019084984 0
1108 0.065065645 0
1109 0.024166645 0
1110 0.101375680 0
1111 0.112872517 1
1112 0.016219770 0
1113 0.339114638 0
1114 0.108059846 0
1115 0.031373384 0
1116 0.838241759 0
1117 0.060362128 0
1118 0.229037662 0
1119 0.024720479 0
1120 0.060602636 0
1121 0.059468451 0
1122 0.567519799 0
1123 0.060236791 0
1124 0.786310574 0
1125 0.019537982 0
1126 0.183007710 0
1127 0.182015372 0
1128 0.098285229 0
1129 0.753727459 1
1130 0.023735723 0
1131 0.013576075 0
1132 0.041037504 0
1133 0.120009265 0
1134 0.014038239 0
1135 0.086503026 0
1136 0.057510762 0
1137 0.093307600 0
1138 0.109645484 0
1139 0.031446937 0
1140 0.647171194 0
1141 0.247992567 0
1142 0.716225228 0
1143 0.416949524 0
1144 0.003749266 0
1145 0.077685664 0
1146 0.039886085 0
1147 0.001099186 0
1148 0.078731343 0
1149 0.317905690 0
1150 0.059823591 0
1151 0.078660575 0
1152 0.072561780 0
1153 0.128532311 0
1154 0.003174368 0
1155 0.792875510 0
1156 0.093736579 0
1157 0.884337844 1
1158 0.649494923 0
1159 0.090919173 0
1160 0.059931559 0
1161 0.044466260 0
1162 0.157546964 0
1163 0.377712903 0
1164 0.167223470 0
1165 0.646256854 0
1166 0.110720479 0
1167 0.036841526 0
1168 0.856325217 0
1169 0.151428839 0
1170 0.060279383 0
1171 0.256950495 0
1172 0.408422839 0
1173 0.755240095 1
1174 0.030238943 0
1175 0.121252281 0
1176 0.522303794 0
1177 0.454587968 0
1178 0.012560265 0
1179 0.024755142 0
1180 0.002305901 0
1181 0.076165987 0
1182 0.221730081 0
1183 0.659862873 0
1184 0.053394813 0
1185 0.051165156 0
1186 0.037685789 0
1187 0.045922187 0
1188 0.725837352 1
1189 0.043623566 0
1190 0.746266343 0
1191 0.163454861 0
1192 0.695126364 0
1193 0.430067399 0
1194 0.706181391 0
1195 0.381464137 0
1196 0.732430726 0
1197 0.051756127 0
1198 0.016956528 0
1199 0.737569047 1
1200 0.063186167 0
1201 0.002990954 0
1202 0.870353513 1
1203 0.023917716 0
1204 0.046466139 0
1205 0.059967189 0
1206 0.690290248 0
1207 0.030831259 0
1208 0.059043224 0
1209 0.033119072 0
1210 0.569662205 0
1211 0.050914483 0
1212 0.022739369 0
1213 0.086292195 0
1214 0.021408524 0
1215 0.802992810 1
1216 0.000060061 0
1217 0.034970983 0
1218 0.750787263 0
1219 0.786207444 0
1220 0.096644964 0
1221 0.834709841 1
1222 0.500000000 0
1223 0.653269165 0
1224 0.055721256 0
1225 0.009084506 0
1226 0.022237114 0
1227 0.059852167 0
1228 0.074102917 0
1229 0.000648504 0
1230 0.811814123 0
1231 0.155787704 0
1232 0.021235337 0
1233 0.048069370 0
1234 0.040958225 0
1235 0.923330781 1
1236 0.780095033 1
1237 0.016089450 0
1238 0.754531219 0
1239 0.534805351 0
1240 0.003870623 0
1241 0.908575553 0
1242 0.146305247 0
1243 0.756189202 0
1244 0.051356539 0
1245 0.076194822 0
1246 0.022145908 0
1247 0.036015557 0
1248 0.027889467 0
1249 0.065132954 0
1250 0.597932199 0
1251 0.810843818 0
1252 0.037797662 0
1253 0.067194618 0
1254 0.713033496 1
1255 0.022450335 0
1256 0.797062933 0
1257 0.539983306 0
1258 0.794380035 0
1259 0.343641526 0
1260 0.748974026 0
1261 0.091952714 0
1262 0.598582877 0
1263 0.057498910 0
1264 0.051991619 0
1265 0.128103050 0
1266 0.189895635 0
1267 0.831815544 0
1268 0.026089198 0
1269 0.147732148 0
1270 0.784504256 0
1271 0.500000000 0
1272 0.120527221 0
1273 0.179228908 0
1274 0.213613958 0
1275 0.021559645 0
1276 0.040688398 0
1277 0.729094352 0
1278 0.680135837 0
1279 0.097314403 0
1280 0.669147335 0
1281 0.028032245 0
1282 0.512339366 0
1283 0.263017179 0
1284 0.158719980 0
1285 0.042017388 0
1286 0.824292304 1
1287 0.059398428 0
1288 0.043195684 0
1289 0.673729217 0
1290 0.590973333 0
1291 0.742142736 0
1292 0.821583885 0
1293 0.068180938 0
1294 0.021175275 0
1295 0.041637871 0
1296 0.071740421 0
1297 0.821366152 0
1298 0.056297535 0
1299 0.395961241 0
1300 0.011150019 0
1301 0.027490396 0
1302 0.491358400 0
1303 0.165002734 0
1304 0.063041478 0
1305 0.476835542 0
1306 0.045633386 0
1307 0.000982264 0
1308 0.119161196 0
1309 0.868058409 0
1310 0.067144524 0
1311 0.017402149 0
1312 0.522099692 0
1313 0.622008888 0
1314 0.796734769 0
1315 0.791566664 0
1316 0.070939597 0
1317 0.038718549 0
1318 0.581689447 0
1319 0.072684087 0
1320 0.102334132 0
1321 0.017691063 0
1322 0.043227795 0
1323 0.706721621 1
1324 0.071072008 0
1325 0.031388961 0
1326 0.485843051 0
1327 0.813975574 0
1328 0.037371292 0
1329 0.558368084 0
1330 0.797425917 0
1331 0.062177082 0
1332 0.846444563 0
1333 0.042854628 0
1334 0.130400620 0
1335 0.812609366 1
1336 0.072641374 0
1337 0.774483847 0
1338 0.025569151 0
1339 0.018368610 0
1340 0.101302028 0
1341 0.693394924 0
1342 0.758841730 0
1343 0.029559664 0
1344 0.186460123 0
1345 0.891290206 0
1346 0.703826159 0
1347 0.373854644 0
1348 0.649325204 0
1349 0.061311935 0
1350 0.045999459 0
1351 0.428666797 0
1352 0.775280798 0
1353 0.069959078 0
1354 0.543635314 0
1355 0.060152400 0
1356 0.044944042 0
1357 0.050159605 0
1358 0.668099796 0
1359 0.048459835 0
1360 0.022931635 0
1361 0.062311412 0
1362 0.783960411 1
1363 0.083408273 0
1364 0.091820226 0
1365 0.899746125 0
1366 0.652434172 0
1367 0.780832775 0
1368 0.134091492 0
1369 0.037256065 0
1370 0.821967936 0
1371 0.018671445 0
1372 0.780509037 0
1373 0.016601879 0
1374 0.080367749 0
1375 0.027536200 0
1376 0.028568461 0
1377 0.036784963 0
1378 0.396785514 0
1379 0.016281110 0
1380 0.086857498 0
1381 0.837973739 0
1382 0.708137170 1
1383 0.295189756 0
1384 0.086300271 0
1385 0.087297665 0
1386 0.061570566 0
1387 0.001153454 0
1388 0.068247209 0
1389 0.519497924 0
1390 0.008001287 0
1391 0.045890067 0
1392 0.057484647 0
1393 0.865996542 0
1394 0.672330325 0
1395 0.024098018 0
1396 0.073077652 0
1397 0.092936824 0
1398 0.848172042 1
1399 0.039654124 0
1400 0.304868249 0
1401 0.359839652 0
1402 0.110519383 0
1403 0.731270023 0
1404 0.041128445 0
1405 0.219114848 0
1406 0.027321918 0
1407 0.055110057 0
1408 0.163275765 0
1409 0.726116196 0
1410 0.724514253 1
1411 0.081947129 0
1412 0.015637155 0
1413 0.763109301 0
1414 0.060463169 0
1415 0.134165935 0
1416 0.677624248 0
1417 0.081944998 0
1418 0.796793914 0
1419 0.067820300 0
1420 0.104778935 0
1421 0.196637093 0
1422 0.097704502 0
1423 0.050579391 0
1424 0.009106004 0
1425 0.193755721 0
1426 0.078277622 0
1427 0.065888963 0
1428 0.461399791 0
1429 0.282163457 0
1430 0.855473424 0
1431 0.027533762 0
1432 0.011613287 0
1433 0.713646264 0
1434 0.776927292 0
1435 0.277685134 1
1436 0.031430006 0
1437 0.400527495 0
1438 0.826273008 1
1439 0.066073248 0
1440 0.072818256 0
1441 0.039385480 0
1442 0.040978286 0
1443 0.145240979 0
1444 0.040221251 0
1445 0.061464107 0
1446 0.052592437 0
1447 0.080054605 0
1448 0.020238948 0
1449 0.022702399 0
1450 0.690510083 0
1451 0.196303290 0
1452 0.554127773 0
1453 0.005611477 0
1454 0.848714647 0
1455 0.003246434 0
1456 0.001415930 0
1457 0.039220580 0
1458 0.823955487 0
1459 0.065971461 0
1460 0.772843406 0
1461 0.064040648 0
1462 0.051904644 0
1463 0.068414384 0
1464 0.017322120 0
1465 0.008885314 0
1466 0.154235298 0
1467 0.898292445 1
1468 0.780948967 0
1469 0.102764414 0
1470 0.748899561 1
1471 0.036022012 0
1472 0.295644682 0
1473 0.094924503 0
1474 0.060648609 0
1475 0.613898743 0
1476 0.082998624 0
1477 0.183697186 0
1478 0.879630872 1
1479 0.028085933 0
1480 0.218798183 0
1481 0.043350304 0
1482 0.855306137 0
1483 0.019017209 0
1484 0.044723073 0
1485 0.695813607 0
1486 0.059590075 0
1487 0.758492259 0
1488 0.869510669 1
1489 0.006689659 0
1490 0.064923426 0
1491 0.742756243 1
1492 0.023459826 0
1493 0.403044906 0
1494 0.738924789 1
1495 0.007096452 0
1496 0.067926302 0
1497 0.149066486 0
1498 0.180049829 1
1499 0.796736444 0
1500 0.810846264 1
1501 0.776549454 0
1502 0.002998997 0
1503 0.866561072 0
1504 0.111262323 0
1505 0.024939845 0
1506 0.096952090 0
1507 0.149556917 0
1508 0.130102287 0
1509 0.055056667 0
1510 0.780991868 0
1511 0.035208594 0
1512 0.030850310 0
1513 0.847640804 0
1514 0.775705468 0
1515 0.033221758 0
1516 0.807408114 0
1517 0.001531349 0
1518 0.034591082 0
1519 0.019313088 0
1520 0.848734420 0
1521 0.015804059 0
1522 0.818419888 0
1523 0.070851187 0
1524 0.061209609 0
1525 0.077724505 0
1526 0.179600455 0
1527 0.098031999 0
1528 0.030307242 0
1529 0.015663771 0
1530 0.122534159 0
1531 0.705309533 0
1532 0.027712744 0
1533 0.902763258 1
1534 0.086606479 0
1535 0.026698458 0
1536 0.065821354 0
1537 0.449719807 0
1538 0.728590344 0
1539 0.194094053 0
1540 0.500000000 0
1541 0.853607891 0
1542 0.010809376 0
1543 0.793249797 0
1544 0.062019682 0
1545 0.118913749 0
1546 0.794236136 0
1547 0.709680637 0
1548 0.096641707 0
1549 0.029195418 0
1550 0.083920827 0
1551 0.024436493 0
1552 0.661181978 0
1553 0.644588345 1
1554 0.092394155 0
1555 0.532773954 1
1556 0.009905369 0
1557 0.045046177 0
1558 0.039005513 0
1559 0.008565339 0
1560 0.765654142 0
1561 0.022917385 0
1562 0.060848307 0
1563 0.739824980 0
1564 0.030301976 0
1565 0.782912409 0
1566 0.277212137 0
1567 0.229862267 0
1568 0.691029029 0
1569 0.084929534 0
1570 0.675732402 0
1571 0.682100763 1
1572 0.765916065 0
1573 0.087784791 0
1574 0.541247992 0
1575 0.295830327 0
1576 0.080611677 0
1577 0.026102045 0
1578 0.008394545 0
1579 0.768431515 1
1580 0.016114165 0
1581 0.064217982 0
1582 0.096682972 0
1583 0.058429755 0
1584 0.634421145 1
1585 0.039424036 0
1586 0.089995711 0
1587 0.047078423 0
1588 0.045602664 0
1589 0.090663946 0
1590 0.098802231 0
1591 0.667368681 0
1592 0.012197173 0
1593 0.029830902 0
1594 0.100288309 0
1595 0.011643111 0
1596 0.093104389 0
1597 0.080467440 0
1598 0.764741009 0
1599 0.033537972 0
1600 0.070019947 0
1601 0.010360650 0
1602 0.919102967 1
1603 0.061642953 0
1604 0.760331771 0
1605 0.030732666 0
1606 0.673607974 0
1607 0.845048216 0
1608 0.786702546 1
1609 0.045618123 0
1610 0.044686600 0
1611 0.137258991 0
1612 0.011487015 0
1613 0.018354017 0
1614 0.916518982 1
1615 0.132032238 0
1616 0.802677036 0
1617 0.044688075 0
1618 0.533002010 0
1619 0.541738232 0
1620 0.034550338 0
1621 0.410674821 0
1622 0.056668782 0
1623 0.100452877 0
1624 0.018402264 0
1625 0.089554770 0
1626 0.793110881 0
1627 0.056216323 0
1628 0.008843297 0
1629 0.052863240 0
1630 0.834586374 0
1631 0.086436777 0
1632 0.004592648 0
1633 0.047316637 0
1634 0.769884918 1
1635 0.059554714 0
1636 0.034087673 0
1637 0.021536611 0
1638 0.130760601 0
1639 0.008856148 0
1640 0.044694719 0
1641 0.152328323 0
1642 0.003115354 0
1643 0.023143246 0
1644 0.021418249 0
1645 0.803876010 0
1646 0.007520517 0
1647 0.661838675 0
1648 0.642014936 1
1649 0.627011579 1
1650 0.077817610 0
1651 0.605233854 0
1652 0.062540983 0
1653 0.787912997 0
1654 0.537300178 0
1655 0.551757898 0
1656 0.005108112 0
1657 0.764492713 0
1658 0.079678112 0
1659 0.057571401 0
1660 0.007066714 0
1661 0.623534659 0
1662 0.847386512 0
1663 0.034795792 0
1664 0.844363139 0
1665 0.062903895 0
1666 0.042757179 0
1667 0.694232362 0
1668 0.034310096 0
1669 0.488560832 0
1670 0.242224804 0
1671 0.783785419 0
1672 0.044368027 0
1673 0.354816428 0
1674 0.010481949 0
1675 0.077919338 0
1676 0.897996589 0
1677 0.117330896 0
1678 0.209021188 0
1679 0.686532199 0
1680 0.718228664 0
1681 0.008384080 0
1682 0.031324944 0
1683 0.115167206 1
1684 0.091090840 0
1685 0.000928345 0
1686 0.083438202 0
1687 0.005188047 0
1688 0.030950036 0
1689 0.041294233 0
1690 0.175935096 0
1691 0.663817417 1
1692 0.043337249 0
1693 0.545739869 0
1694 0.797617260 0
1695 0.027404480 0
1696 0.075513774 0
1697 0.225769262 0
1698 0.069623233 0
1699 0.008490212 0
1700 0.184947524 0
1701 0.011300086 0
1702 0.212144154 1
1703 0.559337441 0
1704 0.058530126 0
1705 0.027617581 0
1706 0.273169190 0
1707 0.042560150 0
1708 0.051940748 0
1709 0.031271477 0
1710 0.853829178 1
1711 0.030033766 0
1712 0.085270604 0
1713 0.028628585 0
1714 0.511236936 0
1715 0.771578263 0
1716 0.125148476 0
1717 0.631142230 0
1718 0.059523671 0
1719 0.035810135 0
1720 0.089366162 0
1721 0.415529021 1
1722 0.039935397 0
1723 0.401398129 0
1724 0.050945909 0
1725 0.114007053 0
1726 0.036579868 0
1727 0.896343051 0
1728 0.059388086 0
1729 0.715686776 0
1730 0.686163455 0
1731 0.056630342 0
1732 0.660213127 0
1733 0.049025587 0
1734 0.010838693 0
1735 0.024067461 0
1736 0.737040680 0
1737 0.017879334 0
1738 0.726276381 0
1739 0.863213609 0
1740 0.702766295 0
1741 0.859676778 1
1742 0.018631026 0
1743 0.066499949 0
1744 0.645416037 0
1745 0.021742833 0
1746 0.091256582 0
1747 0.071116259 0
1748 0.335132399 0
1749 0.882464775 1
1750 0.042717537 0
1751 0.794002624 0
1752 0.455137194 0
1753 0.792182823 0
1754 0.814355388 0
1755 0.780372280 0
1756 0.062388977 0
1757 0.025881859 0
1758 0.618231359 0
1759 0.069232482 0
1760 0.060662760 0
1761 0.847585848 0
1762 0.884357282 0
1763 0.094148380 0
1764 0.001093854 0
1765 0.424179381 0
1766 0.216913604 0
1767 0.095186237 0
1768 0.037068618 0
1769 0.035347830 0
1770 0.006384645 0
1771 0.125925948 0
1772 0.036523396 0
1773 0.632639493 0
1774 0.615276453 0
1775 0.174997039 0
1776 0.907314203 0
1777 0.112039628 0
1778 0.131017844 0
1779 0.052876474 0
1780 0.582068390 0
1781 0.072111249 0
1782 0.080104822 0
1783 0.705573810 0
1784 0.899344662 0
1785 0.254280840 0
1786 0.095591635 0
1787 0.069684874 0
1788 0.130142341 0
1789 0.096363179 0
1790 0.025924961 0
1791 0.826145026 1
1792 0.888114149 0
1793 0.004804111 0
1794 0.045626279 0
1795 0.082778641 0
1796 0.795057152 0
1797 0.008747330 0
1798 0.401737859 0
1799 0.055882041 0
1800 0.724071898 0
1801 0.027719534 0
1802 0.007888277 0
1803 0.080380960 0
1804 0.117756058 0
1805 0.645435774 0
1806 0.243166830 0
1807 0.793796913 0
1808 0.103352963 0
1809 0.033718086 0
1810 0.093444366 0
1811 0.034153018 0
1812 0.060425138 0
1813 0.155801919 0
1814 0.612855220 0
1815 0.086225939 0
1816 0.005518720 0
1817 0.072153943 0
1818 0.018141970 0
1819 0.795906084 1
1820 0.059729448 0
1821 0.033440188 0
1822 0.004406822 0
1823 0.665176842 0
1824 0.584838062 0
1825 0.000331458 0
1826 0.692932305 1
1827 0.115475752 0
1828 0.022604249 0
1829 0.025094368 0
1830 0.079303836 0
1831 0.454023718 0
1832 0.522496569 0
1833 0.565490893 0
1834 0.716454542 0
1835 0.055143119 0
1836 0.740919026 0
1837 0.305421409 0
1838 0.571285306 0
1839 0.027492188 0
1840 0.594615189 0
1841 0.052260993 0
1842 0.460068277 0
1843 0.675819980 0
1844 0.055122253 0
1845 0.069060520 0
1846 0.062078631 0
1847 0.747729899 0
1848 0.887061458 0
1849 0.577625927 1
1850 0.717315433 0
1851 0.041409181 0
1852 0.081608595 0
1853 0.665737480 0
1854 0.080348018 0
1855 0.061923243 0
1856 0.532958321 0
1857 0.759372932 0
1858 0.764356001 0
1859 0.085270245 0
1860 0.886225984 0
1861 0.683397675 0
1862 0.079051586 0
1863 0.031670063 0
1864 0.433765891 0
1865 0.099519109 0
1866 0.021964535 0
1867 0.044434594 0
1868 0.016448811 0
1869 0.916900154 1
1870 0.018388660 0
1871 0.023844386 0
1872 0.858351516 0
1873 0.047810152 0
1874 0.083438688 0
1875 0.058763919 0
1876 0.698563580 0
1877 0.881801111 1
1878 0.200018785 0
1879 0.008264965 0
1880 0.763414497 0
1881 0.070155878 0
1882 0.022819849 0
1883 0.099100243 0
1884 0.659710799 0
1885 0.692957184 0
1886 0.853701375 1
1887 0.085606735 0
1888 0.004897947 0
1889 0.879649732 0
1890 0.142661962 0
1891 0.832711494 1
1892 0.102701410 0
1893 0.512264208 0
1894 0.018405945 0
1895 0.170516585 0
1896 0.026015114 0
1897 0.000107149 0
1898 0.830547695 0
1899 0.062906924 0
1900 0.062789654 0
1901 0.016173641 0
1902 0.004454464 0
1903 0.107784949 0
1904 0.036269064 0
1905 0.349647425 0
1906 0.089015432 0
1907 0.527983703 0
1908 0.108487389 0
1909 0.711262846 0
1910 0.028086647 0
1911 0.006560761 0
1912 0.065093647 0
1913 0.872295461 0
1914 0.686546335 0
1915 0.752435564 0
1916 0.022789536 0
1917 0.720154704 0
1918 0.532028752 0
1919 0.061861927 0
1920 0.056448111 0
1921 0.783278221 0
1922 0.060755144 0
1923 0.009871966 0
1924 0.078915365 0
1925 0.876697427 0
1926 0.094668854 0
1927 0.892550330 0
1928 0.028235558 0
1929 0.025555472 0
1930 0.003372585 0
1931 0.519590454 0
1932 0.006464680 0
1933 0.835897818 0
1934 0.030706716 0
1935 0.089499394 0
1936 0.697825735 0
1937 0.108611962 0
1938 0.134190345 0
1939 0.066399989 0
1940 0.013658776 0
1941 0.795299963 0
1942 0.467928045 0
1943 0.771253017 0
1944 0.032355813 0
1945 0.523432420 0
1946 0.072765032 0
1947 0.002194489 0
1948 0.075263673 0
1949 0.012846952 0
1950 0.019804417 0
1951 0.849468650 0
1952 0.169631264 0
1953 0.884846684 0
1954 0.129296905 0
1955 0.270910313 1
1956 0.039882283 0
1957 0.053962755 0
1958 0.821369747 1
1959 0.793544310 0
1960 0.843816789 0
1961 0.515070747 0
1962 0.869962212 1
1963 0.068057135 0
1964 0.890252483 0
1965 0.012299927 0
1966 0.601859252 0
1967 0.728496563 0
1968 0.094209570 0
1969 0.073896416 0
1970 0.873077424 1
1971 0.645523832 0
1972 0.796101733 0
1973 0.752733708 1
1974 0.062215172 0
1975 0.035078071 0
1976 0.562061351 0
1977 0.905562737 1
1978 0.764064067 0
1979 0.043165377 0
1980 0.778561898 0
1981 0.824730017 0
1982 0.782651462 0
1983 0.540623464 0
1984 0.053989643 0
1985 0.353723709 0
1986 0.061474541 0
1987 0.102847840 0
1988 0.031967594 0
1989 0.029494543 0
1990 0.008611004 0
1991 0.780757029 0
1992 0.517763632 0
1993 0.069085659 0
1994 0.079466573 0
1995 0.634778705 0
1996 0.032754590 0
1997 0.752749215 0
1998 0.482334855 0
1999 0.051653203 0
2000 0.024518034 0
2001 0.032101239 0
2002 0.045281968 0
2003 0.789353468 0
2004 0.136416783 0
2005 0.060850037 0
2006 0.775187774 0
2007 0.022611521 0
2008 0.085838513 0
2009 0.083395505 0
2010 0.044269505 0
2011 0.175919693 0
2012 0.057432544 0
2013 0.229172964 0
2014 0.075711544 0
2015 0.049415453 0
2016 0.321491189 0
2017 0.476431033 0
2018 0.093845856 0
2019 0.003459462 0
2020 0.078256957 0
2021 0.756726751 0
2022 0.386156189 0
2023 0.778853728 1
2024 0.613396064 0
2025 0.025986151 0
2026 0.021227819 0
2027 0.081025624 0
2028 0.861645696 0
2029 0.072907943 0
2030 0.080211352 0
2031 0.056722695 0
2032 0.034964049 0
2033 0.090046303 0
2034 0.020672433 0
2035 0.033493782 0
2036 0.018057100 0
2037 0.058195813 0
2038 0.745197765 0
2039 0.140521450 0
2040 0.649547774 0
2041 0.000047046 0
2042 0.235688603 0
2043 0.008940172 0
2044 0.036638328 0
2045 0.108930163 0
2046 0.012747962 0
2047 0.152599510 0
2048 0.065657622 0
2049 0.675441694 0
2050 0.256982605 0
2051 0.765111664 0
2052 0.775827834 0
2053 0.044143359 0
2054 0.102161075 0
2055 0.623875101 0
2056 0.023037391 0
2057 0.650683304 0
2058 0.051612073 0
2059 0.911919442 0
2060 0.733349648 0
2061 0.000958178 0
2062 0.500000000 0
2063 0.675495470 0
2064 0.053266873 0
2065 0.667990420 0
2066 0.120506480 0
2067 0.060882240 0
2068 0.059800309 0
2069 0.070931683 0
2070 0.167428696 0
2071 0.015399183 0
2072 0.522778162 0
2073 0.075286999 0
2074 0.736035206 0
2075 0.104963446 0
2076 0.695561019 1
2077 0.148380415 0
2078 0.753299391 0
2079 0.206724670 0
2080 0.001158283 0
2081 0.031988538 0
2082 0.025029345 0
2083 0.355645067 0
2084 0.032802883 0
2085 0.635143523 0
2086 0.787086348 0
2087 0.849715141 0
2088 0.648725504 0
2089 0.822736623 0
2090 0.048033601 0
2091 0.101918568 0
2092 0.595912258 0
2093 0.143322258 0
2094 0.783675303 0
2095 0.046196973 0
2096 0.059638211 0
2097 0.735175578 0
2098 0.063092426 0
2099 0.111872694 0
2100 0.011292242 0
2101 0.034862609 0
2102 0.004692521 0
2103 0.010738621 0
2104 0.152568183 0
2105 0.035794510 0
2106 0.059534682 0
2107 0.012197555 0
2108 0.059374315 0
2109 0.809947227 0
2110 0.059219579 0
2111 0.090402948 0
2112 0.158454758 0
2113 0.060853636 0
2114 0.009407488 0
2115 0.885380021 1
2116 0.052926854 0
2117 0.044316125 0
2118 0.275505896 0
2119 0.046013010 0
2120 0.042554364 0
2121 0.048326786 0
2122 0.825847702 1
2123 0.568535796 0
2124 0.701386257 0
2125 0.887680258 0
2126 0.796679863 0
2127 0.263171971 0
2128 0.060747805 0
2129 0.055409635 0
2130 0.929271430 0
2131 0.073625897 0
2132 0.760368378 0
2133 0.819908137 0
2134 0.319407469 0
2135 0.203141486 0
2136 0.067607010 0
2137 0.045501165 0
2138 0.021025632 0
2139 0.005072696 0
2140 0.738811045 0
2141 0.801499217 0
2142 0.697913055 0
2143 0.092996035 0
2144 0.067423163 0
2145 0.544519808 0
2146 0.689589038 0
2147 0.896938050 0
2148 0.060161160 0
2149 0.079773137 0
2150 0.058711081 0
2151 0.624212994 0
2152 0.055327413 0
2153 0.827354207 0
2154 0.315012128 0
2155 0.049592874 0
2156 0.744087351 0
2157 0.545128269 0
2158 0.031841939 0
2159 0.730782876 0
2160 0.049967736 0
2161 0.084568783 0
2162 0.382822094 0
2163 0.119109080 0
2164 0.077709957 0
2165 0.003775833 0
2166 0.028849616 0
2167 0.009279388 0
2168 0.082339537 0
2169 0.693303323 1
2170 0.074781312 0
2171 0.009052000 0
2172 0.157926254 0
2173 0.246529477 0
2174 0.021781199 0
2175 0.064606256 0
2176 0.159664173 0
2177 0.817698424 0
2178 0.018184867 0
2179 0.023919169 0
2180 0.013389934 0
2181 0.157483292 0
2182 0.518210896 0
2183 0.067831090 0
2184 0.029104698 0
2185 0.631084132 0
2186 0.026143061 0
2187 0.133015445 0
2188 0.000193776 0
2189 0.025644082 0
2190 0.021668848 0
2191 0.695103666 0
2192 0.038068295 0
2193 0.032745056 0
2194 0.061169665 0
2195 0.050025611 0
2196 0.641807182 0
2197 0.069143696 0
2198 0.830479666 0
2199 0.024350851 0
2200 0.000865308 0
2201 0.810658911 0
2202 0.505717060 0
2203 0.475983197 0
2204 0.033896334 0
2205 0.199257369 0
2206 0.060872735 0
2207 0.129581514 0
2208 0.736025953 0
2209 0.668388505 0
2210 0.049963438 0
2211 0.376981823 0
2212 0.703742017 0
2213 0.055654206 0
2214 0.834488267 0
2215 0.000895285 0
2216 0.040547024 0
2217 0.737020971 0
2218 0.048397327 0
2219 0.134515060 0
2220 0.033945093 0
2221 0.060660129 0
2222 0.228007836 1
2223 0.053442064 0
2224 0.066538579 0
2225 0.108113491 0
2226 0.074210794 0
2227 0.702473114 1
2228 0.359106426 0
2229 0.042075351 0
2230 0.017206211 0
2231 0.101282811 0
2232 0.707716575 0
2233 0.117282079 0
2234 0.766070291 0
2235 0.081410250 0
2236 0.829573674 0
2237 0.693903766 0
2238 0.040148419 0
2239 0.307974449 0
2240 0.767783089 0
2241 0.029777065 0
2242 0.551718337 0
2243 0.055683293 0
2244 0.270387655 0
2245 0.021849242 0
2246 0.606749098 0
2247 0.054159146 0
2248 0.220593211 0
2249 0.338521560 0
2250 0.121366402 0
2251 0.893623719 0
2252 0.038537289 0
2253 0.083779337 0
2254 0.063926746 0
2255 0.783992182 0
2256 0.182055923 0
2257 0.700449140 1
2258 0.643942123 0
2259 0.068108818 1
2260 0.095640206 0
2261 0.024532391 0
2262 0.121345115 0
2263 0.829626319 0
2264 0.044003908 0
2265 0.029245941 0
2266 0.076094563 0
2267 0.846434275 0
2268 0.181702991 0
2269 0.038211966 0
2270 0.055046940 0
2271 0.000460940 0
2272 0.051444864 0
2273 0.068872334 0
2274 0.243190310 1
2275 0.046925312 0
2276 0.581874825 0
2277 0.254088924 0
2278 0.069031381 0
2279 0.034562501 0
2280 0.855706789 0
2281 0.433877492 1
2282 0.099511795 0
2283 0.552715152 0
2284 0.838856550 0
2285 0.046612921 0
2286 0.179340076 0
2287 0.642635053 0
2288 0.017771265 0
2289 0.752375241 0
2290 0.026921723 0
2291 0.077400760 0
2292 0.042488073 0
2293 0.033310987 0
2294 0.751590888 1
2295 0.119569473 0
2296 0.048169150 0
2297 0.829563368 1
2298 0.781406062 0
2299 0.112990820 0
2300 0.321365953 0
2301 0.903572349 1
2302 0.038499796 0
2303 0.815260303 0
2304 0.062102917 0
2305 0.030729540 0
2306 0.141852451 0
2307 0.313339533 0
2308 0.030028877 0
2309 0.745105860 0
2310 0.046114606 0
2311 0.096822124 0
2312 0.244370933 0
2313 0.046791831 0
2314 0.656583432 0
2315 0.837343983 1
2316 0.752863549 0
2317 0.029487061 0
2318 0.031200906 0
2319 0.051452218 0
2320 0.072116621 0
2321 0.777745510 0
2322 0.013904565 0
2323 0.851681890 0
2324 0.084346181 0
2325 0.044336478 0
2326 0.119452626 0
2327 0.055868336 0
2328 0.005411750 0
2329 0.888152349 1
2330 0.056252937 0
2331 0.154859810 0
2332 0.873767446 1
2333 0.005665165 0
2334 0.010257973 0
2335 0.292694158 1
2336 0.056103670 0
2337 0.062836281 0
2338 0.526703569 0
2339 0.773546367 0
2340 0.090063784 0
2341 0.251941143 0
2342 0.585566052 0
2343 0.707437947 0
2344 0.035239727 0
2345 0.847960105 1
2346 0.839368869 0
2347 0.046869231 0
2348 0.056458370 0
2349 0.799836664 0
2350 0.767917962 0
2351 0.012995738 0
2352 0.024401047 0
2353 0.052918416 0
2354 0.866719079 1
2355 0.007910546 0
2356 0.074467190 0
2357 0.052433127 0
2358 0.059852385 0
2359 0.029204311 0
2360 0.862703278 0
2361 0.116295118 0
2362 0.514724265 0
2363 0.033863105 0
2364 0.109130636 0
2365 0.828406116 0
2366 0.021303581 0
2367 0.022911723 0
2368 0.008956712 0
2369 0.203090458 0
2370 0.755763767 0
2371 0.628185330 0
2372 0.040309488 0
2373 0.192947571 0
2374 0.237647169 0
2375 0.555129773 0
2376 0.651122871 0
2377 0.284494427 0
2378 0.028252443 0
2379 0.063045589 0
2380 0.037008288 0
2381 0.027386767 0
2382 0.006205401 0
2383 0.691061465 0
2384 0.003297317 0
2385 0.781969754 0
2386 0.834595202 0
2387 0.800746515 0
2388 0.076581750 0
2389 0.046784443 0
2390 0.044863315 0
2391 0.188608765 0
2392 0.038669617 0
2393 0.051473520 0
2394 0.858085233 0
2395 0.840843218 0
2396 0.487829919 0
2397 0.673805809 0
2398 0.072730023 0
2399 0.708332200 0
2400 0.738171957 0
2401 0.016968660 0
2402 0.046370016 0
2403 0.156815884 0
2404 0.789815936 0
2405 0.435559648 0
2406 0.842289833 0
2407 0.542186611 1
2408 0.025071164 0
2409 0.683362017 0
2410 0.188760728 0
2411 0.051405822 0
2412 0.074415590 0
2413 0.056217156 0
2414 0.862083585 0
2415 0.061384683 0
2416 0.787530316 0
2417 0.017829713 0
2418 0.626562658 0
2419 0.031219044 0
2420 0.090496759 0
2421 0.175155987 0
2422 0.030297209 0
2423 0.807277359 1
2424 0.075231970 0
2425 0.002428557 0
2426 0.045944923 0
2427 0.796304714 0
2428 0.043640311 0
2429 0.865042357 0
2430 0.725138599 0
2431 0.775433000 0
2432 0.835069269 1
2433 0.033074477 0
2434 0.704150592 0
2435 0.049136127 0
2436 0.831203224 0
2437 0.524024670 0
2438 0.060810064 0
2439 0.198146459 0
2440 0.084580947 0
2441 0.050115007 0
2442 0.021960933 0
2443 0.019891620 0
2444 0.059541203 0
2445 0.063246044 0
2446 0.097176605 0
2447 0.819925148 0
2448 0.006342228 0
2449 0.059876297 0
2450 0.593185185 0
2451 0.865968198 0
2452 0.196486298 0
2453 0.081006600 0
2454 0.857292758 1
2455 0.903528348 1
2456 0.288228186 0
2457 0.679474119 1
2458 0.695818479 0
2459 0.170630970 0
2460 0.117628656 0
2461 0.569009879 0
2462 0.057083562 0
2463 0.025605711 0
2464 0.009413057 0
2465 0.130027884 0
2466 0.084749930 0
2467 0.797099935 0
2468 0.060065686 0
2469 0.810439747 0
2470 0.059825327 0
2471 0.102764696 0
2472 0.034842116 0
2473 0.052956898 0
2474 0.027794255 0
2475 0.302240758 0
2476 0.016417201 0
2477 0.729435256 0
2478 0.069275722 0
2479 0.123400122 0
2480 0.020124248 0
2481 0.069879942 0
2482 0.041180615 0
2483 0.837529536 1
2484 0.221075160 0
2485 0.786264271 0
2486 0.924035736 0
2487 0.015167232 0
2488 0.442089510 1
2489 0.007709800 0
2490 0.065346092 0
2491 0.031232441 1
2492 0.129418196 0
2493 0.123028956 0
2494 0.246213944 0
2495 0.389970673 0
2496 0.274019703 0
2497 0.513033892 1
2498 0.090240009 0
2499 0.815427528 1
2500 0.586103625 0
2501 0.025051663 0
2502 0.046947328 0
2503 0.839451902 1
2504 0.630379284 0
2505 0.191781400 0
2506 0.841002461 1
2507 0.089790282 0
2508 0.685295052 0
2509 0.017433706 0
2510 0.059459915 0
2511 0.763573266 0
2512 0.011831691 0
2513 0.180199764 0
2514 0.018311683 0
2515 0.852833179 1
2516 0.861447754 0
2517 0.035949911 0
2518 0.043065032 0
2519 0.206194461 0
2520 0.119740682 0
2521 0.131868105 0
2522 0.079333293 0
2523 0.605217428 0
2524 0.755886429 0
2525 0.064986338 0
2526 0.050973387 0
2527 0.772628520 0
2528 0.125603782 0
2529 0.034490097 0
2530 0.122599381 0
2531 0.147789146 0
2532 0.754826574 0
2533 0.000188948 0
2534 0.022410738 0
2535 0.801308381 0
2536 0.074868295 0
2537 0.251609005 1
2538 0.061178280 0
2539 0.630871819 0
2540 0.253474244 0
2541 0.028482986 0
2542 0.066715012 0
2543 0.492758400 0
2544 0.490552720 0
2545 0.073309961 0
2546 0.018013434 0
2547 0.283890474 0
2548 0.115647504 0
2549 0.749396058 0
2550 0.043368523 0
2551 0.081120251 0
2552 0.134867378 1
2553 0.492904943 0
2554 0.651324750 0
2555 0.018167350 0
2556 0.115307884 0
2557 0.068036533 0
2558 0.084763363 0
2559 0.543940247 0
2560 0.620598039 0
2561 0.051898605 0
2562 0.042402435 0
2563 0.039974277 0
2564 0.015904234 0
2565 0.245803809 0
2566 0.927216071 0
2567 0.070657823 0
2568 0.039718044 0
2569 0.046539244 0
2570 0.799973342 0
2571 0.299224783 0
2572 0.021324729 0
2573 0.787503150 0
2574 0.215105417 0
2575 0.022484961 0
2576 0.133368838 0
2577 0.027171992 0
2578 0.005066233 0
2579 0.060943317 0
2580 0.674749476 0
2581 0.547269656 0
2582 0.076440345 0
2583 0.022164723 0
2584 0.065186092 0
2585 0.639747746 0
2586 0.068128121 0
2587 0.598192046 0
2588 0.680012640 0
2589 0.027869920 0
2590 0.841648209 0
2591 0.581554261 0
2592 0.011189946 0
2593 0.854770797 1
2594 0.022494300 0
2595 0.500000000 0
2596 0.771075952 0
2597 0.167373226 0
2598 0.334079439 0
2599 0.453850993 0
2600 0.056188559 0
2601 0.065515027 0
2602 0.587418439 0
2603 0.055755480 0
2604 0.073243592 0
2605 0.038199993 0
2606 0.724313279 0
2607 0.068189291 0
2608 0.022133902 0
2609 0.079783134 0
2610 0.027534076 0
2611 0.662319489 1
2612 0.658038846 0
2613 0.036891296 0
2614 0.134990783 0
2615 0.077017591 0
2616 0.023456661 0
2617 0.060792481 0
2618 0.021544753 0
2619 0.016180787 0
2620 0.019566243 0
2621 0.004981024 0
2622 0.723134310 0
2623 0.048378556 0
2624 0.058571826 0
2625 0.065995638 0
2626 0.038353157 0
2627 0.742606675 0
2628 0.559315957 0
2629 0.814931995 0
2630 0.038120921 0
2631 0.117516403 0
2632 0.004150914 0
2633 0.789126865 0
2634 0.000728643 0
2635 0.033531593 0
2636 0.297637487 0
2637 0.216840099 1
2638 0.087594476 0
2639 0.014774825 0
2640 0.015749421 0
2641 0.008646325 0
2642 0.095681984 0
2643 0.549766229 0
2644 0.043159738 0
2645 0.208652093 1
2646 0.614832600 0
2647 0.010591114 0
2648 0.082180371 0
2649 0.044116571 0
2650 0.154727054 0
2651 0.009116593 0
2652 0.888410889 1
2653 0.009867117 0
2654 0.080123033 0
2655 0.036741255 0
2656 0.061186401 0
2657 0.036015894 0
2658 0.546483821 0
2659 0.125592862 0
2660 0.051635131 0
2661 0.108171708 0
2662 0.036941142 0
2663 0.015698324 0
2664 0.055145131 0
2665 0.174252445 0
2666 0.024527979 0
2667 0.042476232 0
2668 0.195574461 0
2669 0.124435938 0
2670 0.061756294 0
2671 0.808025089 0
2672 0.088017810 0
2673 0.010116755 0
2674 0.737015276 1
2675 0.144741320 0
2676 0.078025351 0
2677 0.761624723 0
2678 0.815725315 0
2679 0.195141097 0
2680 0.030024062 0
2681 0.026696754 0
2682 0.111308863 0
2683 0.061502221 0
2684 0.400031359 0
2685 0.413404647 0
2686 0.040901395 0
2687 0.045624878 0
2688 0.270226378 0
2689 0.821120744 0
2690 0.065167149 0
2691 0.154433572 0
2692 0.037013753 0
2693 0.826997106 0
2694 0.613729100 0
2695 0.090418400 0
2696 0.758374016 0
2697 0.705533017 0
2698 0.045375783 0
2699 0.050150838 0
2700 0.039382710 0
2701 0.062632225 0
2702 0.820902605 0
2703 0.174581788 0
2704 0.761501080 0
2705 0.068657698 0
2706 0.262098027 0
2707 0.718506908 0
2708 0.696242599 0
2709 0.039699153 0
2710 0.088220355 0
2711 0.025662705 0
2712 0.110262434 0
2713 0.437918926 0
2714 0.858932505 0
2715 0.159670915 0
2716 0.028464505 0
2717 0.043972091 0
2718 0.577606462 0
2719 0.036883561 0
2720 0.385092515 0
2721 0.035335032 0
2722 0.048594695 0
2723 0.105986863 0
2724 0.810672732 1
2725 0.082918428 0
2726 0.053409747 0
2727 0.445999013 0
2728 0.120501051 0
2729 0.122648197 0
2730 0.689471522 0
2731 0.181270535 0
2732 0.151999415 0
2733 0.920302710 1
2734 0.105814440 0
2735 0.700379060 0
2736 0.124381251 0
2737 0.605828881 0
2738 0.653059495 0
2739 0.913113070 0
2740 0.188973432 0
2741 0.870038227 0
2742 0.540817672 0
2743 0.068746686 0
2744 0.118297347 0
2745 0.053274592 0
2746 0.446586935 0
2747 0.588015441 0
2748 0.087375198 0
2749 0.079506947 0
2750 0.030925486 1
2751 0.067051277 0
2752 0.080391440 0
2753 0.098274277 0
2754 0.202438897 0
2755 0.024466689 0
2756 0.001805633 0
2757 0.048292177 0
2758 0.024983719 0
2759 0.714196366 0
2760 0.626333428 0
2761 0.770233328 1
2762 0.174099864 0
2763 0.019702719 0
2764 0.020878975 0
2765 0.033613363 0
2766 0.766817611 0
2767 0.703391898 0
2768 0.798329101 1
2769 0.073104060 0
2770 0.070053745 0
2771 0.623827482 0
2772 0.732283421 1
2773 0.032220726 0
2774 0.117849002 0
2775 0.771785750 1
2776 0.012430461 0
2777 0.135563608 0
2778 0.079638890 0
2779 0.752828501 0
2780 0.822256602 0
2781 0.060763422 0
2782 0.006372827 0
2783 0.093583187 0
2784 0.694118706 0
2785 0.027535193 0
2786 0.403134082 1
2787 0.459944748 0
2788 0.063851008 0
2789 0.014626148 0
2790 0.886226577 0
2791 0.891717372 0
2792 0.540720643 0
2793 0.023464105 0
2794 0.120871064 0
2795 0.606747833 1
2796 0.025155932 0
2797 0.073184060 0
2798 0.018124504 0
2799 0.690374123 0
2800 0.020318415 0
2801 0.011795501 0
2802 0.029660011 0
2803 0.003160454 0
2804 0.063629386 0
2805 0.354561917 1
2806 0.795697233 0
2807 0.040778906 0
2808 0.032630086 0
2809 0.056206618 0
2810 0.000569704 0
2811 0.667513619 0
2812 0.020674185 0
2813 0.040714414 0
2814 0.050274028 0
2815 0.043936313 0
2816 0.036332031 0
2817 0.654127206 0
2818 0.769366023 1
2819 0.001584840 0
2820 0.001477757 0
2821 0.033689502 0
2822 0.000734412 0
2823 0.374395960 0
2824 0.663489462 0
2825 0.039438649 0
2826 0.090409397 0
2827 0.849986761 0
2828 0.757285920 1
2829 0.830024699 0
2830 0.873571778 1
2831 0.062609108 0
2832 0.041579859 0
2833 0.035648058 0
2834 0.059868036 0
2835 0.012989032 0
2836 0.831952249 0
2837 0.046626033 0
2838 0.047549603 0
2839 0.053626804 0
2840 0.010069675 0
2841 0.033960269 0
2842 0.458334761 0
2843 0.057179631 0
2844 0.029757969 0
2845 0.020209219 0
2846 0.041905311 0
2847 0.245635658 0
2848 0.017217325 0
2849 0.108684451 0
2850 0.742932339 0
2851 0.787452859 0
2852 0.354936543 0
2853 0.760490457 0
2854 0.048559953 0
2855 0.746257509 0
2856 0.061101690 0
2857 0.067728362 0
2858 0.098721014 0
2859 0.733563755 0
2860 0.229184638 0
2861 0.867124955 0
2862 0.076830939 0
2863 0.029862027 0
2864 0.075573264 0
2865 0.052384867 0
2866 0.312246245 0
2867 0.046490475 0
2868 0.060079689 0
2869 0.067481985 0
2870 0.767911514 0
2871 0.002009355 0
2872 0.088589692 0
2873 0.074206544 0
2874 0.872222887 0
2875 0.039299685 0
2876 0.832367162 1
2877 0.878280280 1
2878 0.102674247 0
2879 0.088356930 0
2880 0.768718055 0
2881 0.125543896 0
2882 0.596564417 0
2883 0.403855944 0
2884 0.098019198 0
2885 0.004296372 0
2886 0.049862639 0
2887 0.800059852 0
2888 0.013047086 0
2889 0.038444034 0
2890 0.084620580 0
2891 0.000052137 0
2892 0.850705821 1
2893 0.085693801 0
2894 0.560130267 0
2895 0.044023604 0
2896 0.771506677 0
2897 0.061512171 0
2898 0.559657804 0
2899 0.048435117 0
2900 0.858856044 0
2901 0.086663086 0
2902 0.015020097 0
2903 0.272318090 0
2904 0.895310380 1
2905 0.040860124 0
2906 0.020680301 0
2907 0.009048453 0
2908 0.063063607 0
2909 0.032112078 0
2910 0.018161382 0
2911 0.010917443 0
2912 0.032735403 0
2913 0.133188651 0
2914 0.057277770 0
2915 0.709971173 0
2916 0.046532011 0
2917 0.197131118 0
2918 0.487686120 0
2919 0.574408741 0
2920 0.804954850 0
2921 0.866014052 0
2922 0.080994128 0
2923 0.780822087 0
2924 0.033030636 0
2925 0.536166898 0
2926 0.727187478 0
2927 0.570878546 0
2928 0.646918506 0
2929 0.771787889 0
2930 0.124207862 0
2931 0.069646414 0
2932 0.136473179 0
2933 0.049062092 0
2934 0.066929274 0
2935 0.063245457 0
2936 0.836837183 1
2937 0.207818163 0
2938 0.457663982 0
2939 0.533053857 0
2940 0.024776026 0
2941 0.624060172 0
2942 0.069751689 0
2943 0.092230839 0
2944 0.717498281 0
2945 0.033426476 0
2946 0.053742021 0
2947 0.667330170 0
2948 0.030655161 0
2949 0.037290216 0
2950 0.224012760 0
2951 0.827635589 1
2952 0.018762933 0
2953 0.724845662 0
2954 0.678961109 0
2955 0.038934532 0
2956 0.593789973 0
2957 0.047723000 0
2958 0.125943821 0
2959 0.012465053 0
2960 0.715206474 0
2961 0.018903327 0
2962 0.039013529 0
2963 0.046474182 0
2964 0.001418683 0
2965 0.141628551 0
2966 0.044471179 0
2967 0.146064732 0
2968 0.785904191 1
2969 0.100603163 0
2970 0.618393635 0
2971 0.066530187 0
2972 0.040171860 0
2973 0.081912013 0
2974 0.177512632 0
2975 0.044588299 0
2976 0.075709243 0
2977 0.023638360 0
2978 0.050686768 0
2979 0.115589781 0
2980 0.724906000 0
2981 0.262441857 0
2982 0.559852692 0
2983 0.077398630 0
2984 0.252168050 0
2985 0.806603128 0
2986 0.841435719 0
2987 0.091035637 0
2988 0.817062647 0
2989 0.801200119 0
2990 0.629069037 0
2991 0.060230195 0
2992 0.041836596 0
2993 0.199253488 0
2994 0.060327486 0
2995 0.753021200 0
2996 0.756853001 0
2997 0.539035170 0
2998 0.044437635 0
2999 0.873502825 0
3000 0.078815518 0
3001 0.014863283 0
3002 0.078381347 0
3003 0.805842390 0
3004 0.038110572 0
3005 0.040993993 0
3006 0.842213108 0
3007 0.026039649 0
3008 0.869352867 0
3009 0.037841829 0
3010 0.049856900 0
3011 0.026612011 0
3012 0.432626253 1
3013 0.102324509 0
3014 0.688350174 0
3015 0.024729845 0
3016 0.290481914 0
3017 0.062026580 0
3018 0.033205778 0
3019 0.871217206 0
3020 0.518362344 0
3021 0.063478608 0
3022 0.619666440 0
3023 0.183576872 0
3024 0.617365598 0
3025 0.755166624 0
3026 0.060750676 0
3027 0.030594651 0
3028 0.047512549 0
3029 0.115809564 0
3030 0.069580117 0
3031 0.076309866 0
3032 0.006213572 0
3033 0.073317210 0
3034 0.061706413 0
3035 0.369192253 0
3036 0.032359098 0
3037 0.016662025 0
3038 0.081415147 0
3039 0.537476793 0
3040 0.053239029 0
3041 0.855229166 0
3042 0.231732352 1
3043 0.053454141 0
3044 0.018585925 0
3045 0.034772681 0
3046 0.015020317 0
3047 0.049524062 0
3048 0.745498998 0
3049 0.803358418 0
3050 0.383066093 0
3051 0.110102404 0
3052 0.392252350 0
3053 0.041148477 0
3054 0.100422209 0
3055 0.038305165 0
3056 0.048111724 0
3057 0.577358194 0
3058 0.068802567 0
3059 0.657664955 0
3060 0.869461450 1
3061 0.632802534 0
3062 0.020403934 0
3063 0.713833392 0
3064 0.494509838 0
3065 0.059735669 0
3066 0.006399803 0
3067 0.625652927 0
3068 0.073670515 0
3069 0.039934927 0
3070 0.813001398 0
3071 0.028870272 0
3072 0.749549338 0
3073 0.613974410 0
3074 0.036877152 0
3075 0.037630264 0
3076 0.031258504 0
3077 0.616800495 0
3078 0.643148219 0
3079 0.017771757 1
3080 0.081189007 0
3081 0.821230781 1
3082 0.528151936 0
3083 0.473312341 0
3084 0.022772315 0
3085 0.719180199 0
3086 0.040238334 0
3087 0.100929842 0
3088 0.413267329 0
3089 0.768295698 0
3090 0.085071129 0
3091 0.765965436 0
3092 0.840356997 0
3093 0.081905028 0
3094 0.506269186 1
3095 0.082003275 0
3096 0.692610647 0
3097 0.098050630 0
3098 0.099325345 0
3099 0.047799351 0
3100 0.045905380 0
3101 0.500000000 0
3102 0.433896250 0
3103 0.758762549 0
3104 0.867512780 0
3105 0.414526237 0
3106 0.110541409 0
3107 0.050853765 0
3108 0.081149737 0
3109 0.055124172 0
3110 0.046830287 0
3111 0.040621263 0
3112 0.059818760 0
3113 0.004757305 0
3114 0.768270161 0
3115 0.034510765 0
3116 0.790369993 0
3117 0.093598906 0
3118 0.028493359 0
3119 0.022283372 0
3120 0.021430001 0
3121 0.040048707 0
3122 0.098304411 0
3123 0.085208090 0
3124 0.046954109 0
3125 0.142837864 0
3126 0.045321011 0
3127 0.283320622 0
3128 0.059646340 0
3129 0.678803016 0
3130 0.675198559 0
3131 0.000562089 0
3132 0.259437838 0
3133 0.640345263 0
3134 0.818136949 0
3135 0.060735508 0
3136 0.037451046 0
3137 0.012964149 0
3138 0.025885413 0
3139 0.800353601 0
3140 0.012324160 0
3141 0.105238977 0
3142 0.017859580 0
3143 0.003985704 0
3144 0.173287026 0
3145 0.320138902 0
3146 0.137030716 0
3147 0.041450766 0
3148 0.928074750 0
3149 0.074379657 0
3150 0.150259051 0
3151 0.033932183 0
3152 0.019828539 0
3153 0.820073215 0
3154 0.436732359 0
3155 0.550920034 0
3156 0.557475250 0
3157 0.024686754 0
3158 0.372349113 0
3159 0.251726282 0
3160 0.088143723 0
3161 0.811511836 0
3162 0.722092074 0
3163 0.219470726 0
3164 0.039443642 0
3165 0.027974142 0
3166 0.061697899 0
3167 0.071915700 0
3168 0.249842230 1
3169 0.056475557 0
3170 0.078036745 0
3171 0.011185554 0
3172 0.588376575 0
3173 0.003152190 0
3174 0.259567547 0
3175 0.830955481 0
3176 0.149469163 0
3177 0.117507514 0
3178 0.016631878 0
3179 0.813220722 0
3180 0.500000000 1
3181 0.770293039 0
3182 0.000930495 0
3183 0.000875307 0
3184 0.701663874 0
3185 0.742118129 0
3186 0.033294608 0
3187 0.101374319 0
3188 0.073981421 0
3189 0.764472909 1
3190 0.480681156 0
3191 0.585939548 0
3192 0.019931307 0
3193 0.064607469 0
3194 0.405623000 0
3195 0.169577871 0
3196 0.725641733 0
3197 0.803410681 1
3198 0.810546480 1
3199 0.664071031 0
3200 0.048025416 0
3201 0.115520365 0
3202 0.062005561 0
3203 0.268428425 0
3204 0.048806909 0
3205 0.013811362 0
3206 0.015654436 0
3207 0.863484576 0
3208 0.337926733 0
3209 0.770606842 0
3210 0.651408811 1
3211 0.697053593 0
3212 0.710739236 0
3213 0.310362704 0
3214 0.274490187 0
3215 0.765620820 0
3216 0.118413663 0
3217 0.008613812 0
3218 0.028041996 0
3219 0.742469750 0
3220 0.046497879 0
3221 0.735159946 0
3222 0.041336478 0
3223 0.014608829 0
3224 0.858678282 1
3225 0.022977680 0
3226 0.735308138 0
3227 0.782813594 1
3228 0.091499109 1
3229 0.799513256 0
3230 0.179118042 0
3231 0.601500549 0
3232 0.075663161 0
3233 0.039799051 0
3234 0.794028154 0
3235 0.095687226 0
3236 0.658348857 0
3237 0.030989436 0
3238 0.051390355 0
3239 0.053420792 0
3240 0.893561850 1
3241 0.850523542 0
3242 0.029858294 0
3243 0.815275946 0
3244 0.471481666 0
3245 0.048075604 0
3246 0.141578068 0
3247 0.053693159 0
3248 0.416517246 0
3249 0.100608292 0
3250 0.617141701 0
3251 0.871828455 0
3252 0.867691860 1
3253 0.046336573 0
3254 0.835706735 0
3255 0.040491413 0
3256 0.011078355 0
3257 0.684109150 1
3258 0.060906762 0
3259 0.548133107 0
3260 0.000470577 0
3261 0.183351593 0
3262 0.059506820 0
3263 0.012057132 0
3264 0.840004076 0
3265 0.803755146 0
3266 0.000853048 0
3267 0.786008844 0
3268 0.016806601 0
3269 0.061332524 0
3270 0.033646818 0
3271 0.856547215 0
3272 0.127912970 0
3273 0.361779345 0
3274 0.011678883 0
3275 0.485642931 0
3276 0.011386092 0
3277 0.686437132 0
3278 0.547569970 0
3279 0.558120663 0
3280 0.095086001 0
3281 0.033734632 0
3282 0.889373821 1
3283 0.759156223 0
3284 0.037078447 0
3285 0.876345393 0
3286 0.831260761 0
3287 0.660141689 0
3288 0.795058083 0
3289 0.781427869 0
3290 0.036288924 0
3291 0.401262865 0
3292 0.038553352 0
3293 0.001441096 0
3294 0.059765726 0
3295 0.762606075 0
3296 0.049370184 0
3297 0.693026374 0
3298 0.030942939 0
3299 0.061257884 0
3300 0.031032590 0
3301 0.043825190 0
3302 0.839762081 0
3303 0.714179113 0
3304 0.388233469 0
3305 0.017834919 0
3306 0.728634574 0
3307 0.101430375 0
3308 0.069594565 0
3309 0.571773148 0
3310 0.039747795 0
3311 0.027009997 0
3312 0.836753052 0
3313 0.135389032 0
3314 0.043899681 0
3315 0.260372876 0
3316 0.057858634 0
3317 0.731491970 0
3318 0.094921570 0
3319 0.026180403 0
3320 0.019304088 0
3321 0.794406593 1
3322 0.025475398 0
3323 0.556826876 0
3324 0.124785075 0
3325 0.822158016 1
3326 0.396083382 0
3327 0.402825832 0
3328 0.871370057 1
3329 0.177364882 0
3330 0.059204278 0
3331 0.081776647 0
3332 0.056270656 0
3333 0.057266442 0
3334 0.029113290 0
3335 0.026155580 0
3336 0.071218221 0
3337 0.026847383 0
3338 0.386781926 0
3339 0.410010774 0
3340 0.011745388 0
3341 0.006461902 0
3342 0.044065556 0
3343 0.008197840 0
3344 0.755509593 0
3345 0.057475484 0
3346 0.063686532 0
3347 0.683114753 0
3348 0.742020208 0
3349 0.800512009 1
3350 0.944066068 0
3351 0.048832228 0
3352 0.064823732 0
3353 0.005907421 0
3354 0.831354895 0
3355 0.494513482 0
3356 0.832932037 0
3357 0.051776271 0
3358 0.094027589 0
3359 0.500000000 0
3360 0.876948832 0
3361 0.411317885 0
3362 0.832612664 0
3363 0.624814102 0
3364 0.029374118 0
3365 0.373162842 0
3366 0.783527752 0
3367 0.023536897 0
3368 0.052723537 0
3369 0.244773754 0
3370 0.050922571 0
3371 0.713177619 0
3372 0.559981492 1
3373 0.628663605 0
3374 0.050856055 0
3375 0.001570755 0
3376 0.644465841 0
3377 0.480283750 0
3378 0.060158831 0
3379 0.061420161 0
3380 0.014782303 0
3381 0.064152867 0
3382 0.051278779 0
3383 0.058146220 0
3384 0.001461339 0
3385 0.005293247 0
3386 0.587222341 0
3387 0.682098908 1
3388 0.762561236 1
3389 0.033140286 0
3390 0.048753784 0
3391 0.841660729 1
3392 0.720014835 0
3393 0.073580626 0
3394 0.054430062 0
3395 0.786624467 0
3396 0.074857497 0
3397 0.756272391 0
3398 0.075418549 0
3399 0.025025608 0
3400 0.010884874 0
3401 0.024740373 0
3402 0.028026694 0
3403 0.772957219 1
3404 0.090485635 0
3405 0.145126272 0
3406 0.781101036 1
3407 0.099165077 0
3408 0.084977633 0
3409 0.583790595 0
3410 0.042274618 0
3411 0.061464281 0
3412 0.687719776 0
3413 0.847712941 0
3414 0.096830178 0
3415 0.015467989 0
3416 0.038953002 0
3417 0.709855052 0
3418 0.030282583 0
3419 0.856301298 1
3420 0.070613331 0
3421 0.039876780 0
3422 0.089289910 0
3423 0.005267525 0
3424 0.126152978 0
3425 0.011303718 0
3426 0.045186546 0
3427 0.029470861 0
3428 0.711758006 0
3429 0.006984367 0
3430 0.014555588 0
3431 0.061206277 0
3432 0.013830268 0
3433 0.004161598 0
3434 0.082913682 0
3435 0.076284885 0
3436 0.011501330 0
3437 0.792796970 0
3438 0.033539611 0
3439 0.633575584 0
3440 0.059497399 0
3441 0.047692352 0
3442 0.319833094 0
3443 0.001872375 0
3444 0.014304868 0
3445 0.066624154 0
3446 0.617418866 1
3447 0.069804322 0
3448 0.028484902 0
3449 0.558123442 1
3450 0.036098751 0
3451 0.061149215 0
3452 0.318612830 0
3453 0.129051877 0
3454 0.673359883 0
3455 0.169700737 0
3456 0.076730974 0
3457 0.288174907 0
3458 0.864646459 0
3459 0.260553423 0
3460 0.069862625 0
3461 0.871998536 0
3462 0.351311145 1
3463 0.050877022 0
3464 0.086131009 0
3465 0.842738900 1
3466 0.004692598 0
3467 0.040043666 0
3468 0.044078816 0
3469 0.352384063 0
3470 0.791940738 0
3471 0.446828404 0
3472 0.000772662 0
3473 0.914913655 0
3474 0.787495267 0
3475 0.825617818 0
3476 0.011627876 0
3477 0.080388046 0
3478 0.686929720 0
3479 0.679439008 0
3480 0.832350651 1
3481 0.076720573 0
3482 0.696873999 0
3483 0.178910420 0
3484 0.161597260 0
3485 0.029683214 0
3486 0.646687416 0
3487 0.632468976 0
3488 0.038690355 0
3489 0.116702456 0
3490 0.077354822 0
3491 0.723375935 1
3492 0.019975348 0
3493 0.731662992 0
3494 0.148755194 1
3495 0.024461288 0
3496 0.107231549 0
3497 0.088777740 0
3498 0.648717253 0
3499 0.073460885 0
3500 0.002836596 0
3501 0.666392203 0
3502 0.188064284 0
3503 0.066326235 0
3504 0.094088234 0
3505 0.028955432 0
3506 0.092887102 0
3507 0.114783668 0
3508 0.003441636 0
3509 0.551484960 0
3510 0.906094352 0
3511 0.004204637 0
3512 0.540858654 0
3513 0.092836945 0
3514 0.065233427 0
3515 0.075564051 0
3516 0.018271990 0
3517 0.023077422 0
3518 0.786184132 1
3519 0.008724363 0
3520 0.806731620 0
3521 0.681596546 0
3522 0.022065720 0
3523 0.058796195 0
3524 0.069135180 0
3525 0.637806021 0
3526 0.063079321 0
3527 0.672695244 0
3528 0.566476232 0
3529 0.121825858 0
3530 0.643917115 0
3531 0.072312876 0
3532 0.061670757 0
3533 0.063595578 0
3534 0.775515043 0
3535 0.660820573 0
3536 0.022827071 0
3537 0.000005967 0
3538 0.023260579 0
3539 0.063910124 0
3540 0.052906280 0
3541 0.328526243 0
3542 0.054416686 0
3543 0.046445411 0
3544 0.013056546 0
3545 0.899538150 0
3546 0.074527022 0
3547 0.847141787 0
3548 0.054181791 0
3549 0.887629784 0
3550 0.011485919 0
3551 0.027904448 0
3552 0.081450518 0
3553 0.059295349 0
3554 0.132805234 0
3555 0.026852296 0
3556 0.905583499 1
3557 0.011456032 0
3558 0.668153455 0
3559 0.757874261 0
3560 0.071732112 0
3561 0.795128737 0
3562 0.719521454 0
3563 0.016385635 0
3564 0.011714983 0
3565 0.022875654 0
3566 0.760783446 0
3567 0.886125506 0
3568 0.751796027 0
3569 0.456877881 0
3570 0.081831110 0
3571 0.053610308 0
3572 0.687041047 0
3573 0.105151250 0
3574 0.778796800 0
3575 0.062389599 0
3576 0.064385985 0
3577 0.802607026 0
3578 0.640972131 0
3579 0.062042793 0
3580 0.775819516 0
3581 0.100138714 0
3582 0.689778314 0
3583 0.052044527 0
3584 0.284836229 0
3585 0.330713619 0
3586 0.438499283 0
3587 0.102302815 0
3588 0.771846305 0
3589 0.210363077 0
3590 0.104639591 0
3591 0.075158278 0
3592 0.026067717 0
3593 0.067620516 0
3594 0.756730765 0
3595 0.600809139 0
3596 0.036907876 0
3597 0.471382721 1
3598 0.799575474 0
3599 0.471050851 0
3600 0.825858584 0
3601 0.075061164 0
3602 0.767702219 0
3603 0.421747006 0
3604 0.848677366 0
3605 0.059077697 0
3606 0.708311745 1
3607 0.009649014 0
3608 0.036511637 0
3609 0.528223498 0
3610 0.040989506 0
3611 0.716092981 0
3612 0.043614096 0
3613 0.045980212 0
3614 0.041627750 0
3615 0.886338972 0
3616 0.067270293 0
3617 0.050940808 0
3618 0.871763970 0
3619 0.121646544 0
3620 0.652194571 0
3621 0.014724381 0
3622 0.284455628 0
3623 0.831675020 1
3624 0.021516324 0
3625 0.047689760 0
3626 0.698794809 0
3627 0.118252800 0
3628 0.508239698 0
3629 0.131988143 0
3630 0.045957400 0
3631 0.168763922 0
3632 0.023921046 0
3633 0.788695926 0
3634 0.096112735 0
3635 0.044259507 0
3636 0.047246040 0
3637 0.104371416 0
3638 0.807039248 0
3639 0.896142002 0
3640 0.720511219 0
3641 0.486580334 0
3642 0.017190167 0
3643 0.578227713 0
3644 0.019519889 0
3645 0.716372590 0
3646 0.041745693 0
3647 0.075064146 0
3648 0.637128429 0
3649 0.062949913 0
3650 0.015474631 0
3651 0.039707737 0
3652 0.008668332 0
3653 0.058248503 0
3654 0.037705854 0
3655 0.204461387 0
3656 0.071904138 0
3657 0.030355589 0
3658 0.056829194 0
3659 0.746680572 0
3660 0.523745209 0
3661 0.833513845 0
3662 0.766631188 0
3663 0.020602763 0
3664 0.016672896 0
3665 0.003072081 0
3666 0.831454703 0
3667 0.378567167 0
3668 0.874872375 1
3669 0.658927888 0
3670 0.045073101 0
3671 0.066541627 0
3672 0.005533078 0
3673 0.475817940 0
3674 0.067527999 0
3675 0.047124158 0
3676 0.112367596 0
3677 0.052462579 0
3678 0.083904390 0
3679 0.762740252 0
3680 0.042933830 0
3681 0.002413098 0
3682 0.027783982 0
3683 0.066441432 0
3684 0.207941760 1
3685 0.697388258 0
3686 0.500000000 0
3687 0.160537383 0
3688 0.865127556 0
3689 0.741274678 0
3690 0.030851721 0
3691 0.890149240 1
3692 0.114100259 0
3693 0.019135045 0
3694 0.827851700 0
3695 0.837835191 0
3696 0.471649104 0
3697 0.853822465 0
3698 0.052498052 0
3699 0.040115307 0
3700 0.933876172 1
3701 0.062373163 0
3702 0.043610921 0
3703 0.033008556 0
3704 0.098256137 0
3705 0.805194692 0
3706 0.082280094 0
3707 0.647683822 0
3708 0.062517569 0
3709 0.091063541 0
3710 0.364480110 0
3711 0.368387729 0
3712 0.626548935 0
3713 0.015176763 0
3714 0.003285981 0
3715 0.034161876 0
3716 0.733068147 0
3717 0.630606132 0
3718 0.034094753 0
3719 0.059730913 0
3720 0.704434419 0
3721 0.731857621 0
3722 0.305471910 0
3723 0.817012146 0
3724 0.005305322 0
3725 0.117563715 0
3726 0.545148355 0
3727 0.056974209 0
3728 0.000176923 0
3729 0.014291422 0
3730 0.053243272 0
3731 0.853573567 0
3732 0.133482927 0
3733 0.800465429 0
3734 0.794158585 0
3735 0.862707924 0
3736 0.770843878 0
3737 0.755634828 0
3738 0.773531105 0
3739 0.703173073 1
3740 0.756010439 1
3741 0.909683735 0
3742 0.685324737 0
3743 0.151606549 0
3744 0.152099691 0
3745 0.276477831 0
3746 0.524515623 0
3747 0.500000000 0
3748 0.070964183 0
3749 0.096177152 0
3750 0.884101940 0
3751 0.702185208 0
3752 0.758268320 0
3753 0.819364343 1
3754 0.832659495 1
3755 0.681543637 1
3756 0.892942683 0
3757 0.026899483 0
3758 0.075889310 0
3759 0.500000000 0
3760 0.072799437 0
3761 0.014311389 0
3762 0.459979635 0
3763 0.707622750 1
3764 0.161764407 0
3765 0.793918620 0
3766 0.091496684 0
3767 0.061906777 0
3768 0.030264802 0
3769 0.098961537 0
3770 0.062717412 0
3771 0.684840130 0
3772 0.303771296 0
3773 0.152673942 0
3774 0.031096546 0
3775 0.599609781 0
3776 0.768929164 0
3777 0.689721390 0
3778 0.027183602 0
3779 0.714639948 0
3780 0.788257932 0
3781 0.844707695 0
3782 0.258869525 0
3783 0.010860293 0
3784 0.039059819 0
3785 0.060460088 0
3786 0.747439676 0
3787 0.073914052 0
3788 0.037939115 0
3789 0.112464445 0
3790 0.866868531 0
3791 0.764700376 0
3792 0.842281812 0
3793 0.011974076 0
3794 0.732555040 0
3795 0.047295134 0
3796 0.052893409 0
3797 0.811223819 0
3798 0.076831053 0
3799 0.571879498 0
3800 0.053584433 0
3801 0.363636456 0
3802 0.012419196 0
3803 0.458158237 0
3804 0.057651738 0
3805 0.308588530 0
3806 0.803199479 0
3807 0.052479331 0
3808 0.014115895 0
3809 0.028265669 0
3810 0.084927517 0
3811 0.723783800 0
3812 0.060627390 0
3813 0.025151819 0
3814 0.367418437 0
3815 0.718371801 0
3816 0.796179820 0
3817 0.646524317 0
3818 0.062684312 0
3819 0.799704303 1
3820 0.010600327 0
3821 0.275206136 0
3822 0.334039767 0
3823 0.935306423 1
3824 0.618171076 0
3825 0.085892099 0
3826 0.013367520 0
3827 0.043429264 0
3828 0.649261980 0
3829 0.013354828 0
3830 0.592527286 0
3831 0.027249099 0
3832 0.018540230 0
3833 0.099458348 0
3834 0.513921217 0
3835 0.041320890 0
3836 0.022905534 0
3837 0.000120174 0
3838 0.780049746 0
3839 0.037929836 0
3840 0.159726363 0
3841 0.027792664 0
3842 0.884472791 1
3843 0.014896894 0
3844 0.813840425 0
3845 0.001151056 0
3846 0.031868607 0
3847 0.556775107 0
3848 0.129736162 0
3849 0.052042823 0
3850 0.061744375 0
3851 0.036169832 0
3852 0.011863041 0
3853 0.006030445 0
3854 0.007347438 0
3855 0.584104796 0
3856 0.805971156 0
3857 0.786350397 1
3858 0.760009047 1
3859 0.034858245 0
3860 0.034944590 0
3861 0.878249451 1
3862 0.051760537 0
3863 0.786402551 0
3864 0.032705688 0
3865 0.097728500 0
3866 0.047315683 0
3867 0.053130264 0
3868 0.756732012 0
3869 0.014735742 0
3870 0.026963280 0
3871 0.207487167 0
3872 0.014888441 0
3873 0.160621519 0
3874 0.054325930 1
3875 0.040743111 0
3876 0.023427103 0
3877 0.060561992 0
3878 0.491124045 0
3879 0.565893921 0
3880 0.204979777 0
3881 0.024512369 0
3882 0.033180588 0
3883 0.137653999 0
3884 0.028857400 0
3885 0.515702656 0
3886 0.043636975 0
3887 0.054392610 0
3888 0.016703323 0
3889 0.775057142 0
3890 0.744541969 0
3891 0.087888241 0
3892 0.876302376 0
3893 0.095997161 0
3894 0.107190505 0
3895 0.114335559 0
3896 0.261012315 0
3897 0.041021512 0
3898 0.000522992 0
3899 0.848854966 0
3900 0.074610597 0
3901 0.059103453 0
3902 0.060778572 0
3903 0.009909524 0
3904 0.575958772 0
3905 0.107328045 0
3906 0.657675205 0
3907 0.046130246 0
3908 0.099886888 0
3909 0.035239990 0
3910 0.758287719 0
3911 0.761701401 1
3912 0.800509758 0
3913 0.083345547 0
3914 0.069827647 0
3915 0.893901047 0
3916 0.805430571 0
3917 0.036573291 0
3918 0.010621160 1
3919 0.058886063 0
3920 0.877069050 0
3921 0.072706949 1
3922 0.055813734 0
3923 0.042628531 0
3924 0.059854660 0
3925 0.063029118 0
3926 0.052936421 0
3927 0.545290195 0
3928 0.061004149 0
3929 0.866399554 0
3930 0.065236926 0
3931 0.755155575 0
3932 0.089421815 0
3933 0.044505099 0
3934 0.517195543 0
3935 0.543102565 0
3936 0.066731673 0
3937 0.763962081 0
3938 0.102339619 0
3939 0.038026641 0
3940 0.152523343 0
3941 0.031236459 0
3942 0.849527213 0
3943 0.031451803 0
3944 0.800462754 0
3945 0.058321219 0
3946 0.073385927 0
3947 0.792224454 1
3948 0.833341652 1
3949 0.826018690 1
3950 0.780689193 0
3951 0.791344382 0
3952 0.053871590 0
3953 0.041855384 0
3954 0.003950085 0
3955 0.042027177 0
3956 0.045377570 0
3957 0.050922575 0
3958 0.818403120 1
3959 0.036633831 0
3960 0.693835797 1
3961 0.204081433 0
3962 0.034154514 0
3963 0.478596938 0
3964 0.827854353 0
3965 0.543099902 0
3966 0.119089646 0
3967 0.029706542 0
3968 0.049943599 0
3969 0.017785805 0
3970 0.029494348 0
3971 0.052620065 0
3972 0.099169301 0
3973 0.018366829 0
3974 0.022639719 0
3975 0.112649249 0
3976 0.161059865 0
3977 0.855187461 0
3978 0.511641656 0
3979 0.387801457 0
3980 0.027113555 0
3981 0.022359250 0
3982 0.124422416 0
3983 0.027069425 0
3984 0.114989062 0
3985 0.122090717 0
3986 0.068354564 0
3987 0.043220743 0
3988 0.703315068 0
3989 0.063684538 0
3990 0.050530911 0
3991 0.684036485 0
3992 0.141499722 0
3993 0.759364984 0
3994 0.055648482 0
3995 0.089963272 0
3996 0.004464512 0
3997 0.047351435 0
3998 0.715461342 0
3999 0.856869143 1
4000 0.808744465 0
4001 0.024497985 0
4002 0.644511971 0
4003 0.020151867 0
4004 0.038885719 0
4005 0.077530819 0
4006 0.164244730 1
4007 0.148918122 0
4008 0.840554551 0
4009 0.067163865 0
4010 0.015284396 0
4011 0.541996319 0
4012 0.850460374 0
4013 0.098408348 0
4014 0.108188669 0
4015 0.063413448 0
4016 0.047634899 0
4017 0.706550089 0
4018 0.033292507 0
4019 0.013216444 0
4020 0.741617980 0
4021 0.011531279 0
4022 0.859936858 0
4023 0.104543575 0
4024 0.040382531 0
4025 0.702791323 0
4026 0.095948848 0
4027 0.811709782 1
4028 0.374008976 0
4029 0.005389053 0
4030 0.798350193 1
4031 0.634307634 1
4032 0.839896390 0
4033 0.086753823 0
4034 0.084561844 0
4035 0.715859264 1
4036 0.083860113 0
4037 0.075367349 0
4038 0.276676050 0
4039 0.039587980 0
4040 0.113047644 0
4041 0.090765687 0
4042 0.024757027 0
4043 0.548635541 0
4044 0.037138048 0
4045 0.184969227 0
4046 0.046829081 0
4047 0.777424046 0
4048 0.780546372 0
4049 0.622909050 1
4050 0.047786110 0
4051 0.073322018 0
4052 0.003073923 0
4053 0.903345145 0
4054 0.866951295 0
4055 0.123315241 0
4056 0.011833324 0
4057 0.080036642 0
4058 0.027768681 0
4059 0.830718341 0
4060 0.103735067 0
4061 0.101687700 0
4062 0.040540814 0
4063 0.012739828 0
4064 0.813627210 0
4065 0.075112058 0
4066 0.040721787 0
4067 0.042725042 0
4068 0.125094826 0
4069 0.007830036 0
4070 0.029089177 0
4071 0.027891023 0
4072 0.032927753 0
4073 0.218202160 0
4074 0.797195331 0
4075 0.868786531 0
4076 0.100712233 0
4077 0.014041545 0
4078 0.874454738 0
4079 0.774172006 1
4080 0.057046212 0
4081 0.557323553 0
4082 0.721915297 0
4083 0.008693673 0
4084 0.741100853 0
4085 0.517248721 0
4086 0.721942898 1
4087 0.636562378 0
4088 0.073747504 0
4089 0.005405892 0
4090 0.692305555 0
4091 0.632665249 1
4092 0.385889885 0
4093 0.063103520 0
4094 0.189364359 0
4095 0.002807182 0
4096 0.096952547 0
4097 0.136899438 0
4098 0.060318114 0
4099 0.013892851 0
4100 0.885055246 1
4101 0.313350739 0
4102 0.128136530 0
4103 0.687529870 0
4104 0.695428720 0
4105 0.684742264 0
4106 0.030910742 0
4107 0.045885921 0
4108 0.061365371 0
4109 0.019019744 0
4110 0.049440337 0
4111 0.573151940 0
4112 0.646473276 0
4113 0.831569913 0
4114 0.029152759 0
4115 0.097185390 0
4116 0.659000505 0
4117 0.077393292 0
4118 0.730860102 1
4119 0.697323472 0
4120 0.755806263 0
4121 0.694095828 0
4122 0.865733329 0
4123 0.611140220 0
4124 0.011502329 0
4125 0.020968088 0
4126 0.136530977 0
4127 0.064990443 0
4128 0.036796029 0
4129 0.061283977 0
4130 0.030643942 0
4131 0.409947605 1
4132 0.847380199 0
4133 0.120090000 0
4134 0.068080153 0
4135 0.083170211 0
4136 0.581682375 1
4137 0.898696260 0
4138 0.136098596 0
4139 0.033182822 0
4140 0.111728411 0
4141 0.023174043 0
4142 0.086253093 0
4143 0.848121128 0
4144 0.075117604 0
4145 0.061473501 0
4146 0.042586755 0
4147 0.793136989 0
4148 0.622370975 0
4149 0.070192331 0
4150 0.042596821 0
4151 0.046675614 0
4152 0.481543424 0
4153 0.061788496 0
4154 0.013722370 0
4155 0.032600721 0
4156 0.236212451 0
4157 0.114540493 0
4158 0.048570567 0
4159 0.893653644 0
4160 0.842028439 1
4161 0.381664627 0
4162 0.064228928 0
4163 0.062204038 0
4164 0.477415940 0
4165 0.065692321 0
4166 0.312521341 0
4167 0.109575685 0
4168 0.011458048 0
4169 0.148444289 0
4170 0.110550112 0
4171 0.036344919 0
4172 0.836393945 1
4173 0.054451340 0
4174 0.052850141 0
4175 0.336514152 0
4176 0.024608943 0
4177 0.785434803 0
4178 0.122091276 0
4179 0.015512783 0
4180 0.600318804 1
4181 0.723629957 0
4182 0.657534890 0
4183 0.010034154 0
4184 0.170549766 0
4185 0.065077535 0
4186 0.790018711 0
4187 0.000996822 0
4188 0.820075114 1
4189 0.621733016 0
4190 0.026576256 0
4191 0.290307633 0
4192 0.109355893 0
4193 0.001016632 0
4194 0.664143192 0
4195 0.117409324 0
4196 0.537974299 0
4197 0.055549386 0
4198 0.688452408 0
4199 0.018005066 0
4200 0.103068290 0
4201 0.026803548 0
4202 0.018408287 0
4203 0.490247722 0
4204 0.762517975 0
4205 0.079007031 0
4206 0.909904224 0
4207 0.786414531 0
4208 0.066510713 0
4209 0.740471912 0
4210 0.631653262 0
4211 0.060289149 0
4212 0.098379985 0
4213 0.604267162 0
4214 0.463622445 0
4215 0.039114573 0
4216 0.030294358 0
4217 0.020091631 0
4218 0.109961295 0
4219 0.881200693 0
4220 0.111489171 0
4221 0.040793366 0
4222 0.015068989 0
4223 0.277362250 0
4224 0.021984462 0
4225 0.770971160 0
4226 0.094066327 0
4227 0.714184177 0
4228 0.070254073 0
4229 0.060124051 0
4230 0.352003182 0
4231 0.611844787 0
4232 0.303222391 0
4233 0.872197402 1
4234 0.794824079 0
4235 0.112492105 0
4236 0.622896940 0
4237 0.707367625 0
4238 0.043320771 0
4239 0.135697944 0
4240 0.856308192 0
4241 0.060825469 0
4242 0.141307095 0
4243 0.065812524 0
4244 0.045260136 0
4245 0.007051701 0
4246 0.015959244 0
4247 0.681323223 0
4248 0.029999992 0
4249 0.879812610 0
4250 0.803314746 0
4251 0.820195795 1
4252 0.886325132 0
4253 0.524799822 0
4254 0.696467672 0
4255 0.049597218 0
4256 0.008650396 0
4257 0.046608810 0
4258 0.556353207 1
4259 0.074739918 0
4260 0.005138601 0
4261 0.050038963 0
4262 0.049539679 0
4263 0.005617731 0
4264 0.487914114 0
4265 0.047992068 0
4266 0.558745239 1
4267 0.058451970 0
4268 0.673341465 0
4269 0.678180908 0
4270 0.799133741 0
4271 0.010958111 0
4272 0.008464521 0
4273 0.039652552 0
4274 0.113629711 0
4275 0.078119736 0
4276 0.374579931 0
4277 0.769973869 1
4278 0.789323174 0
4279 0.513208268 0
4280 0.202187104 0
4281 0.483568430 0
4282 0.745739888 0
4283 0.025371986 0
4284 0.035660809 0
4285 0.523446127 0
4286 0.001846432 0
4287 0.028067327 0
4288 0.214461353 0
4289 0.025197626 0
4290 0.015580993 0
4291 0.061198142 0
4292 0.602791345 0
4293 0.124128669 0
4294 0.412156899 0
4295 0.053093407 0
4296 0.592132700 0
4297 0.052334364 0
4298 0.009783110 0
4299 0.758412196 1
4300 0.061055544 0
4301 0.305972633 0
4302 0.091838345 0
4303 0.817223891 1
4304 0.821984009 0
4305 0.047143168 0
4306 0.047725271 0
4307 0.562827238 1
4308 0.016771230 0
4309 0.719596363 0
4310 0.042749771 0
4311 0.704969090 0
4312 0.037449708 0
4313 0.260489478 0
4314 0.393407365 0
4315 0.061858326 0
4316 0.560335221 1
4317 0.097326963 0
4318 0.093605435 0
4319 0.492690426 0
4320 0.014825473 0
4321 0.014842453 0
4322 0.026641457 0
4323 0.773394860 0
4324 0.672457086 0
4325 0.099190895 1
4326 0.216066653 0
4327 0.063196318 0
4328 0.852496325 0
4329 0.867898056 0
4330 0.134743810 0
4331 0.857582859 1
4332 0.868210100 0
4333 0.040701910 0
4334 0.677093407 0
4335 0.273470305 0
4336 0.500000000 0
4337 0.920088097 0
4338 0.853276255 1
4339 0.000642740 0
4340 0.064019978 0
4341 0.723425428 0
4342 0.046073187 0
4343 0.460093566 0
4344 0.223925362 0
4345 0.031014233 0
4346 0.102971976 0
4347 0.014327271 0
4348 0.738051150 0
4349 0.083292675 0
4350 0.076909742 0
4351 0.460796426 0
4352 0.018207429 0
4353 0.061087949 0
4354 0.016948655 0
4355 0.898720912 0
4356 0.673057285 0
4357 0.039845158 0
4358 0.021516635 0
4359 0.528594960 0
4360 0.741993636 1
4361 0.210267845 0
4362 0.037423673 0
4363 0.030510078 0
4364 0.061223578 0
4365 0.008294762 0
4366 0.119748056 0
4367 0.067516163 0
4368 0.068911456 0
4369 0.724339365 0
4370 0.106907477 0
4371 0.017804282 0
4372 0.742037086 0
4373 0.010462938 0
4374 0.072375053 0
4375 0.286947465 0
4376 0.092781674 0
4377 0.024308567 0
4378 0.820363288 0
4379 0.067469005 0
4380 0.072981360 0
4381 0.044224511 0
4382 0.068589880 0
4383 0.002752617 0
4384 0.070431568 0
4385 0.028919980 0
4386 0.002423587 0
4387 0.888706738 0
4388 0.138212677 0
4389 0.704474506 0
4390 0.046499557 0
4391 0.572975206 0
4392 0.873754022 1
4393 0.617533572 0
4394 0.609611147 1
4395 0.027703929 0
4396 0.037624662 0
4397 0.083401829 0
4398 0.556359041 0
4399 0.711939777 0
4400 0.546156557 0
4401 0.024778614 0
4402 0.666843446 1
4403 0.010001250 0
4404 0.830301024 0
4405 0.019108245 0
4406 0.071494721 0
4407 0.023751960 0
4408 0.858419719 0
4409 0.015253892 0
4410 0.701157852 0
4411 0.065764429 0
4412 0.750596364 0
4413 0.755968713 0
4414 0.059884595 0
4415 0.057373862 0
4416 0.452612635 0
4417 0.065262161 0
4418 0.077455252 0
4419 0.025307777 0
4420 0.716002612 0
4421 0.647880739 0
4422 0.038342161 0
4423 0.906956529 1
4424 0.090673000 0
4425 0.002786864 0
4426 0.376294699 0
4427 0.312604998 0
4428 0.588518536 0
4429 0.019421902 0
4430 0.351036185 0
4431 0.854656044 0
4432 0.649918418 0
4433 0.045249224 0
4434 0.179204155 0
4435 0.068451919 0
4436 0.402218745 0
4437 0.819998828 0
4438 0.701114363 0
4439 0.035727374 0
4440 0.899890316 0
4441 0.004955011 0
4442 0.072135679 0
4443 0.061379466 0
4444 0.658804022 0
4445 0.076530864 0
4446 0.349330485 0
4447 0.803634047 0
4448 0.603595613 0
4449 0.106469114 0
4450 0.020469274 0
4451 0.038429691 0
4452 0.859193523 1
4453 0.614962762 1
4454 0.013482165 0
4455 0.740092687 0
4456 0.100162589 0
4457 0.018885579 0
4458 0.060815649 0
4459 0.049019982 0
4460 0.114542939 0
4461 0.109599698 0
4462 0.002144934 0
4463 0.805953377 0
4464 0.054021117 0
4465 0.006952612 0
4466 0.021622057 0
4467 0.016365104 0
4468 0.004738082 0
4469 0.389704274 0
4470 0.083720237 0
4471 0.446832638 0
4472 0.605396385 0
4473 0.059614982 0
4474 0.063467481 0
4475 0.002367852 0
4476 0.065476838 0
4477 0.520807130 0
4478 0.653380394 1
4479 0.641358375 1
4480 0.049945962 0
4481 0.095097550 0
4482 0.055092610 0
4483 0.818570862 0
4484 0.434459065 0
4485 0.012664965 0
4486 0.068752747 0
4487 0.810457204 0
4488 0.565385576 0
4489 0.861771358 0
4490 0.577634954 0
4491 0.012501057 0
4492 0.019671286 0
4493 0.754101495 0
4494 0.585433674 0
4495 0.032641967 0
4496 0.156524974 0
4497 0.011783931 0
4498 0.819880363 0
4499 0.037245089 0
4500 0.790712586 0
4501 0.500000000 1
4502 0.888758227 0
4503 0.072846407 0
4504 0.888148235 0
4505 0.019423106 0
4506 0.819501437 1
4507 0.253287432 0
4508 0.902132539 0
4509 0.044851771 0
4510 0.061455399 0
4511 0.700983008 0
4512 0.276173126 0
4513 0.773283114 0
4514 0.730548142 1
4515 0.037379727 0
4516 0.064847316 0
4517 0.082583468 0
4518 0.632620513 0
4519 0.072091427 0
4520 0.070771799 0
4521 0.043414379 0
4522 0.134619281 0
4523 0.751143002 0
4524 0.066577875 0
4525 0.027462099 0
4526 0.000475530 0
4527 0.065681936 0
4528 0.057492345 0
4529 0.166141885 0
4530 0.822030458 0
4531 0.062728398 0
4532 0.054836510 0
4533 0.630009617 0
4534 0.060239695 0
4535 0.801573565 0
4536 0.753461530 0
4537 0.062187242 0
4538 0.720983284 0
4539 0.138527381 1
4540 0.032298935 0
4541 0.063897217 0
4542 0.040551507 0
4543 0.083236450 0
4544 0.016440417 0
4545 0.677997619 0
4546 0.051274738 0
4547 0.010859878 0
4548 0.065981399 0
4549 0.418275571 0
4550 0.049285239 0
4551 0.782679696 0
4552 0.079119256 0
4553 0.084379099 0
4554 0.062748667 0
4555 0.782140763 0
4556 0.059813059 0
4557 0.823501607 1
4558 0.773959510 1
4559 0.072178729 0
4560 0.698551975 0
4561 0.757089786 0
4562 0.112221694 0
4563 0.876728746 0
4564 0.487032195 0
4565 0.002805434 0
4566 0.345923814 0
4567 0.802478849 0
4568 0.876634772 1
4569 0.065923124 0
4570 0.072990143 0
4571 0.023758550 0
4572 0.147151028 0
4573 0.075879376 0
4574 0.051608052 0
4575 0.754526955 0
4576 0.104765970 0
4577 0.315724031 1
4578 0.060864575 0
4579 0.110331437 0
4580 0.063697602 0
4581 0.116797234 0
4582 0.111304753 0
4583 0.015299758 0
4584 0.215743380 0
4585 0.012647099 0
4586 0.060723202 0
4587 0.100795310 0
4588 0.072904655 0
4589 0.095810145 0
4590 0.005672960 0
4591 0.006680628 0
4592 0.148578320 0
4593 0.351813880 0
4594 0.053773772 0
4595 0.261334754 0
4596 0.851500079 1
4597 0.804455972 0
4598 0.457898595 0
4599 0.008096286 0
4600 0.044228914 0
4601 0.003203289 0
4602 0.022501188 0
4603 0.456178833 0
4604 0.107857899 0
4605 0.260926791 0
4606 0.826697439 0
4607 0.770504501 1
4608 0.565841259 0
4609 0.060028817 0
4610 0.705165997 0
4611 0.841960036 0
4612 0.022153641 0
4613 0.069760458 0
4614 0.882516815 0
4615 0.046918652 0
4616 0.719267357 0
4617 0.049610187 0
4618 0.752878311 0
4619 0.034097280 0
4620 0.058594369 0
4621 0.032864286 0
4622 0.007987990 0
4623 0.009653680 0
4624 0.546483477 0
4625 0.757005118 0
4626 0.020083220 0
4627 0.031110991 0
4628 0.171096481 0
4629 0.062908412 0
4630 0.047453875 0
4631 0.016662446 0
4632 0.152212274 0
4633 0.091764300 0
4634 0.046545544 0
4635 0.852655993 1
4636 0.033862031 0
4637 0.206924203 0
4638 0.826551758 1
4639 0.040566789 0
4640 0.787545564 0
4641 0.084935822 0
4642 0.066977415 0
4643 0.669614482 0
4644 0.046313398 0
4645 0.694465883 0
4646 0.059803321 0
4647 0.061772483 0
4648 0.737576136 0
4649 0.257993702 0
4650 0.116959406 0
4651 0.002282465 0
4652 0.019794393 0
4653 0.062596132 0
4654 0.058105239 0
4655 0.686624277 0
4656 0.409590738 0
4657 0.062082781 0
4658 0.097103596 0
4659 0.500000000 0
4660 0.103166217 1
4661 0.050463156 0
4662 0.561872198 0
4663 0.060880265 0
4664 0.015518944 0
4665 0.587233877 0
4666 0.003672292 0
4667 0.059903955 0
4668 0.744569652 0
4669 0.137643265 0
4670 0.737612379 0
4671 0.649812983 0
4672 0.162480723 0
4673 0.209295089 0
4674 0.051342534 0
4675 0.075367951 0
4676 0.834151424 0
4677 0.050739363 0
4678 0.649995585 0
4679 0.043051478 0
4680 0.035259005 0
4681 0.828211470 1
4682 0.079224202 0
4683 0.085322583 0
4684 0.026902692 0
4685 0.031243075 0
4686 0.087510668 0
4687 0.007520679 0
4688 0.037015154 0
4689 0.040412794 0
4690 0.057726540 0
4691 0.008042489 0
4692 0.669014255 0
4693 0.024860285 0
4694 0.062553955 0
4695 0.024860430 0
4696 0.087274345 0
4697 0.769844646 0
4698 0.620572078 0
4699 0.098685670 0
4700 0.700187925 0
4701 0.813573954 1
4702 0.060704373 0
4703 0.889401978 0
4704 0.706292008 0
4705 0.055498434 0
4706 0.032579099 0
4707 0.873369649 1
4708 0.080738804 0
4709 0.028726121 0
4710 0.626415359 0
4711 0.869232971 1
4712 0.060834030 0
4713 0.035415010 0
4714 0.000615530 0
4715 0.809824917 1
4716 0.080402092 0
4717 0.762010680 0
4718 0.695349439 0
4719 0.801562454 0
4720 0.023347416 0
4721 0.021599886 0
4722 0.162242797 0
4723 0.773134089 0
4724 0.023674476 0
4725 0.009820923 0
4726 0.048095648 0
4727 0.538670209 0
4728 0.521495050 1
4729 0.060927992 0
4730 0.642865092 0
4731 0.364693220 1
4732 0.477526104 0
4733 0.743607273 0
4734 0.529046308 0
4735 0.014959036 0
4736 0.882434750 0
4737 0.123787997 0
4738 0.405352863 0
4739 0.753066097 0
4740 0.103297044 1
4741 0.058595690 0
4742 0.049975120 0
4743 0.041522920 0
4744 0.077519652 0
4745 0.771262298 0
4746 0.078874783 0
4747 0.833062850 0
4748 0.094391029 0
4749 0.075658516 0
4750 0.071694899 0
4751 0.777399276 0
4752 0.083465919 0
4753 0.037312087 0
4754 0.017405372 0
4755 0.813557650 0
4756 0.494807012 1
4757 0.069534240 0
4758 0.011567497 0
4759 0.768293756 1
4760 0.491500362 0
4761 0.031129890 0
4762 0.665325691 0
4763 0.083564068 0
4764 0.669552442 0
4765 0.012416175 0
4766 0.749511065 0
4767 0.057313926 0
4768 0.041771324 0
4769 0.016773269 0
4770 0.877061246 0
4771 0.660640684 0
4772 0.029346818 0
4773 0.121727599 0
4774 0.115157782 0
4775 0.689170482 0
4776 0.626084997 0
4777 0.028747648 0
4778 0.484277417 0
4779 0.180806673 0
4780 0.025046324 0
4781 0.018373636 0
4782 0.058179599 0
4783 0.604809221 0
4784 0.195140111 0
4785 0.429187215 0
4786 0.030193407 0
4787 0.043141107 0
4788 0.021308382 0
4789 0.315458872 0
4790 0.135779436 0
4791 0.103021110 0
4792 0.036657391 0
4793 0.037154664 0
4794 0.080338829 0
4795 0.112566306 0
4796 0.013215248 0
4797 0.723957743 0
4798 0.693521461 0
4799 0.845614442 1
4800 0.001736652 0
4801 0.028705377 0
4802 0.370713087 0
4803 0.023723486 0
4804 0.585853462 0
4805 0.095681795 0
4806 0.067367930 0
4807 0.058724615 0
4808 0.745082757 0
4809 0.079009647 0
4810 0.044720093 0
4811 0.577643600 0
4812 0.034242149 0
4813 0.052682689 0
4814 0.065437566 0
4815 0.014853841 0
4816 0.039377817 0
4817 0.037855512 0
4818 0.839656698 1
4819 0.030344535 0
4820 0.127524010 0
4821 0.039940495 0
4822 0.019362569 0
4823 0.065459054 0
4824 0.578555875 0
4825 0.003449824 0
4826 0.041940043 0
4827 0.017242380 0
4828 0.029174845 0
4829 0.885499881 0
4830 0.046171887 0
4831 0.194052903 0
4832 0.098920040 0
4833 0.565416329 0
4834 0.598868603 0
4835 0.053655468 0
4836 0.648177429 0
4837 0.701797540 0
4838 0.061770336 0
4839 0.836595813 0
4840 0.006677673 0
4841 0.052660152 0
4842 0.051408108 0
4843 0.207188689 0
4844 0.785172443 0
4845 0.545397375 0
4846 0.863027936 1
4847 0.265459291 0
4848 0.024330410 0
4849 0.845890554 0
4850 0.012251091 0
4851 0.026304452 0
4852 0.098449646 0
4853 0.219212043 0
4854 0.489652589 0
4855 0.047839272 0
4856 0.032390596 0
4857 0.015745988 0
4858 0.779931734 0
4859 0.840247058 0
4860 0.068637892 0
4861 0.055513734 0
4862 0.095508406 0
4863 0.035814188 0
4864 0.661551769 0
4865 0.468173759 0
4866 0.036038180 0
4867 0.027175742 0
4868 0.062293813 0
4869 0.023635446 0
4870 0.010097470 0
4871 0.037818779 0
4872 0.328342491 0
4873 0.737763631 0
4874 0.094673567 0
4875 0.087324186 0
4876 0.059591419 0
4877 0.044799136 0
4878 0.615664467 1
4879 0.066116166 0
4880 0.035631278 0
4881 0.084949434 0
4882 0.021479994 0
4883 0.036925804 0
4884 0.818791373 0
4885 0.411084032 0
4886 0.814914368 0
4887 0.918075118 0
4888 0.035339463 0
4889 0.394567438 0
4890 0.117310213 0
4891 0.055456177 0
4892 0.386233183 0
4893 0.765255869 0
4894 0.019048809 0
4895 0.740109925 0
4896 0.518462077 0
4897 0.017813960 0
4898 0.389678259 0
4899 0.591655230 0
4900 0.545318393 1
4901 0.019511516 0
4902 0.036363709 0
4903 0.057269987 0
4904 0.593947754 0
4905 0.089345617 0
4906 0.011435959 0
4907 0.441554890 0
4908 0.849775331 1
4909 0.064954137 0
4910 0.727934990 0
4911 0.057513079 0
4912 0.099005270 0
4913 0.037186554 1
4914 0.032225075 0
4915 0.061521654 0
4916 0.883862955 1
4917 0.004209587 0
4918 0.704479186 0
4919 0.010404748 0
4920 0.474229472 0
4921 0.831431514 1
4922 0.868364755 1
4923 0.601059600 0
4924 0.429819180 0
4925 0.046773284 0
4926 0.114816261 0
4927 0.069454431 0
4928 0.057596125 0
4929 0.018258453 0
4930 0.730868137 0
4931 0.351352221 0
4932 0.009327494 0
4933 0.104213420 0
4934 0.713725446 0
4935 0.004623656 0
4936 0.870444261 1
4937 0.089128054 0
4938 0.023726155 0
4939 0.228239816 1
4940 0.012749199 0
4941 0.026564507 0
4942 0.086287111 0
4943 0.064565443 0
4944 0.867633698 1
4945 0.274226554 0
4946 0.745572885 0
4947 0.676711831 0
4948 0.616740138 0
4949 0.065623896 0
4950 0.835420266 0
4951 0.268483304 0
4952 0.179081004 0
4953 0.075098400 0
4954 0.111009279 0
4955 0.473278560 0
4956 0.075976882 0
4957 0.141570531 0
4958 0.722812775 0
4959 0.038204117 0
4960 0.003037725 0
4961 0.035783278 0
4962 0.037697950 0
4963 0.010294799 0
4964 0.052984201 0
4965 0.036347330 0
4966 0.059869397 0
4967 0.916856797 0
4968 0.548380390 0
4969 0.051583279 0
4970 0.035948633 0
4971 0.664889225 0
4972 0.546012474 0
4973 0.893184641 0
4974 0.046536979 0
4975 0.897443533 0
4976 0.774616892 0
4977 0.004209769 0
4978 0.601470410 0
4979 0.420184715 0
4980 0.645483592 0
4981 0.009500228 0
4982 0.234963979 0
4983 0.014265469 0
4984 0.010910617 0
4985 0.575568121 0
4986 0.086277130 0
4987 0.742101006 0
4988 0.032089803 0
4989 0.651945598 0
4990 0.062329415 0
4991 0.132927437 0
4992 0.055492431 0
4993 0.563594716 0
4994 0.740215044 0
4995 0.098165861 0
4996 0.190626326 0
4997 0.785034553 1
4998 0.099459193 0
4999 0.698927141 0
5000 0.736496504 0
5001 0.095700795 0
5002 0.019696022 0
5003 0.700288094 0
5004 0.052918472 0
5005 0.346565410 0
5006 0.087158188 0
5007 0.250415033 0
5008 0.793205486 1
5009 0.057091952 0
5010 0.150331197 0
5011 0.050802134 0
5012 0.103889712 0
5013 0.102267723 0
5014 0.050333339 0
5015 0.014924082 0
5016 0.095717735 0
5017 0.667102086 0
5018 0.718238834 0
5019 0.841219090 0
5020 0.813536705 0
5021 0.046794760 0
5022 0.699902474 0
5023 0.626615063 0
5024 0.041939936 0
5025 0.787608742 0
5026 0.205718966 0
5027 0.068278318 0
5028 0.681201197 1
5029 0.103274519 0
5030 0.567735312 0
5031 0.096459654 0
5032 0.774692365 0
5033 0.796245730 1
5034 0.794019618 0
5035 0.142902452 0
5036 0.105452907 0
5037 0.114354883 0
5038 0.795080081 0
5039 0.746141819 0
5040 0.020872653 0
5041 0.041658402 0
5042 0.064908054 0
5043 0.069098373 0
5044 0.551102304 1
5045 0.595112309 0
5046 0.082316053 0
5047 0.101392077 0
5048 0.308571201 0
5049 0.003598353 0
5050 0.085797451 0
5051 0.087695062 0
5052 0.797366916 0
5053 0.056394096 0
5054 0.012402943 0
5055 0.063066269 0
5056 0.806169325 0
5057 0.030444776 0
5058 0.027873874 0
5059 0.060550709 0
5060 0.864093685 0
5061 0.354009495 0
5062 0.079481226 0
5063 0.112658352 0
5064 0.773115789 0
5065 0.028862275 0
5066 0.449380525 0
5067 0.027700051 0
5068 0.066396274 0
5069 0.034483418 0
5070 0.021283095 0
5071 0.708750768 0
5072 0.052447606 0
5073 0.060611536 0
5074 0.041091616 0
5075 0.037484910 0
5076 0.723755601 0
5077 0.851903914 0
5078 0.057665538 0
5079 0.177828048 0
5080 0.481188051 0
5081 0.066279338 0
5082 0.790038264 0
5083 0.859950992 0
5084 0.378829690 0
5085 0.062532298 0
5086 0.085411880 0
5087 0.729586403 1
5088 0.114302470 0
5089 0.199306100 0
5090 0.450104139 0
5091 0.014442153 0
5092 0.043713805 0
5093 0.041008579 1
5094 0.586554160 0
5095 0.085145576 0
5096 0.420035159 0
5097 0.181210972 0
5098 0.049812471 0
5099 0.090791201 0
5100 0.627174354 0
5101 0.599543661 0
5102 0.641508584 0
5103 0.045233775 0
5104 0.074287181 0
5105 0.033502219 0
5106 0.780175466 0
5107 0.049911443 0
5108 0.582313155 0
5109 0.019474043 0
5110 0.056676029 0
5111 0.075798610 0
5112 0.047716732 0
5113 0.056796166 0
5114 0.013934988 0
5115 0.101322791 0
5116 0.297675040 0
5117 0.740311895 0
5118 0.211184632 0
5119 0.352499192 0
5120 0.859831519 0
5121 0.022407766 0
5122 0.004493471 0
5123 0.114817940 0
5124 0.102123268 0
5125 0.082162969 0
5126 0.917160891 0
5127 0.146108715 0
5128 0.018731866 0
5129 0.059426637 0
5130 0.492258238 0
5131 0.024173188 0
5132 0.076733712 0
5133 0.106069020 0
5134 0.004021639 0
5135 0.861437409 1
5136 0.616086416 0
5137 0.032431832 0
5138 0.479376503 0
5139 0.740877985 0
5140 0.807569024 1
5141 0.064742959 0
5142 0.653309670 0
5143 0.149887649 0
5144 0.045231214 0
5145 0.018045693 0
5146 0.791836185 0
5147 0.070431094 0
5148 0.001852809 0
5149 0.068896199 0
5150 0.813879365 0
5151 0.080161265 0
5152 0.128626786 0
5153 0.778499866 0
5154 0.031489776 0
5155 0.110076922 0
5156 0.200879241 0
5157 0.017503164 0
5158 0.000916669 0
5159 0.010035585 0
5160 0.230602512 0
5161 0.003693154 0
5162 0.824233285 0
5163 0.076929545 0
5164 0.536012112 0
5165 0.074114321 0
5166 0.126664825 0
5167 0.194445931 1
5168 0.169328235 0
5169 0.008070938 0
5170 0.090875039 0
5171 0.846015717 1
5172 0.047280968 0
5173 0.692118504 0
5174 0.216637556 0
5175 0.008679165 0
5176 0.875426451 0
5177 0.043238247 0
5178 0.128940877 0
5179 0.004715514 0
5180 0.789626220 0
5181 0.841064728 0
5182 0.099469325 0
5183 0.027938318 0
5184 0.531525966 0
5185 0.018792054 0
5186 0.034247255 0
5187 0.047268614 0
5188 0.777364345 1
5189 0.364131120 0
5190 0.810922702 0
5191 0.022777393 0
5192 0.111162942 0
5193 0.732660749 0
5194 0.082334594 0
5195 0.014362036 0
5196 0.642593118 0
5197 0.500000000 0
5198 0.069165171 0
5199 0.658942882 0
5200 0.061907554 0
5201 0.552490360 0
5202 0.042159393 0
5203 0.003935104 0
5204 0.754717338 0
5205 0.830863430 1
5206 0.545514531 0
5207 0.232426867 0
5208 0.047012548 0
5209 0.321084607 0
5210 0.128015074 0
5211 0.098313850 0
5212 0.012051907 0
5213 0.003481187 0
5214 0.897908914 0
5215 0.521753703 1
5216 0.500000000 0
5217 0.061914810 0
5218 0.060260271 0
5219 0.724162739 0
5220 0.302197702 0
5221 0.009374170 0
5222 0.656578120 0
5223 0.105963082 0
5224 0.721543829 0
5225 0.655807626 0
5226 0.038150745 0
5227 0.027832546 0
5228 0.737036303 0
5229 0.008229403 0
5230 0.038252374 0
5231 0.635775122 0
5232 0.019116677 0
5233 0.013956098 0
5234 0.019602483 0
5235 0.726786684 0
5236 0.085950803 0
5237 0.831928027 0
5238 0.688889744 0
5239 0.092841860 0
5240 0.347359336 0
5241 0.065245610 0
5242 0.121185709 0
5243 0.099215106 0
5244 0.865982693 0
5245 0.021594322 0
5246 0.032571677 0
5247 0.015324549 0
5248 0.079374215 0
5249 0.328994272 0
5250 0.654674761 0
5251 0.107711758 0
5252 0.464143176 0
5253 0.818803619 1
5254 0.041689349 0
5255 0.884220029 1
5256 0.448765021 0
5257 0.093843187 0
5258 0.066448120 0
5259 0.831024439 1
5260 0.306440477 0
5261 0.909609712 0
5262 0.369252214 0
5263 0.611068992 0
5264 0.830683356 0
5265 0.811065559 0
5266 0.803815943 0
5267 0.079763213 0
5268 0.094772506 0
5269 0.896027356 0
5270 0.461948893 0
5271 0.032007646 0
5272 0.808785579 1
5273 0.124559810 0
5274 0.060430123 0
5275 0.057724064 0
5276 0.070850874 0
5277 0.029798357 0
5278 0.409291407 0
5279 0.127189437 0
5280 0.050714518 0
5281 0.544413126 0
5282 0.657906822 0
5283 0.016816438 0
5284 0.082781792 0
5285 0.021875335 0
5286 0.117977444 0
5287 0.031375348 0
5288 0.040482147 0
5289 0.072188695 0
5290 0.742435020 0
5291 0.794861327 0
5292 0.650796041 0
5293 0.196433803 0
5294 0.769655485 0
5295 0.365837441 0
5296 0.082658337 0
5297 0.488808186 0
5298 0.055541445 0
5299 0.112539339 0
5300 0.671128368 0
5301 0.704252817 0
5302 0.107793557 0
5303 0.038127183 0
5304 0.870638648 0
5305 0.646346876 0
5306 0.705511368 0
5307 0.066868099 0
5308 0.805612240 0
5309 0.736733693 0
5310 0.011507951 0
5311 0.133428562 0
5312 0.064243760 0
5313 0.018106497 0
5314 0.077705648 0
5315 0.036084552 0
5316 0.023531200 0
5317 0.015588213 0
5318 0.010092533 0
5319 0.842962448 0
5320 0.727360239 0
5321 0.084057599 0
5322 0.047423823 0
5323 0.040998863 0
5324 0.018418478 0
5325 0.110772071 0
5326 0.152725352 0
5327 0.015507040 0
5328 0.052842214 0
5329 0.844473725 0
5330 0.048839619 0
5331 0.066953712 0
5332 0.334116309 0
5333 0.035673742 0
5334 0.157757415 0
5335 0.139489172 0
5336 0.096897049 0
5337 0.733113006 1
5338 0.010302015 0
5339 0.018183913 0
5340 0.006544598 0
5341 0.061426402 0
5342 0.104395818 0
5343 0.747803541 0
5344 0.696774287 0
5345 0.017625711 0
5346 0.483164806 1
5347 0.100258757 0
5348 0.083600798 0
5349 0.472572848 0
5350 0.705882560 0
5351 0.660000686 0
5352 0.853936532 0
5353 0.702586620 0
5354 0.091604175 0
5355 0.121542559 0
5356 0.079308831 0
5357 0.093898822 0
5358 0.041684819 0
5359 0.270859626 0
5360 0.333253048 0
5361 0.174514905 0
5362 0.810907466 0
5363 0.627164212 0
5364 0.026075365 0
5365 0.030708102 0
5366 0.548142410 0
5367 0.094940514 0
5368 0.001432462 0
5369 0.663492326 0
5370 0.000458315 0
5371 0.848728726 1
5372 0.844770480 0
5373 0.902033473 1
5374 0.046073221 0
5375 0.077553006 0
5376 0.040536218 0
5377 0.016449900 0
5378 0.500000000 0
5379 0.115464610 0
5380 0.022675466 0
5381 0.019754726 0
5382 0.734693069 0
5383 0.089860300 0
5384 0.008176440 0
5385 0.834643973 0
5386 0.478985811 0
5387 0.049105769 0
5388 0.082109260 0
5389 0.626562007 0
5390 0.783339146 0
5391 0.108444179 0
5392 0.128224173 0
5393 0.045532821 0
5394 0.613753489 0
5395 0.298079467 0
5396 0.251984686 0
5397 0.222748707 0
5398 0.287245004 0
5399 0.035941638 0
5400 0.300661027 0
5401 0.347735816 0
5402 0.059240472 0
5403 0.086078706 0
5404 0.004682520 0
5405 0.093622662 0
5406 0.109408207 0
5407 0.080879353 0
5408 0.223516882 0
5409 0.036445692 0
5410 0.284302493 0
5411 0.808219438 0
5412 0.010575555 0
5413 0.560591080 0
5414 0.633391193 0
5415 0.057637593 0
5416 0.672518188 0
5417 0.138766958 0
5418 0.422033774 0
5419 0.112558289 0
5420 0.061873758 0
5421 0.729529383 1
5422 0.770740937 0
5423 0.751604792 0
5424 0.135395936 0
5425 0.031639317 0
5426 0.091848703 0
5427 0.784599475 0
5428 0.025432282 0
5429 0.708802980 0
5430 0.406273002 0
5431 0.908310525 0
5432 0.079605452 0
5433 0.890164584 0
5434 0.058569467 0
5435 0.080346109 0
5436 0.703125744 0
5437 0.078991937 1
5438 0.858783548 0
5439 0.095633467 0
5440 0.529069436 0
5441 0.276074763 0
5442 0.025436944 0
5443 0.800126921 0
5444 0.055743657 0
5445 0.598180410 0
5446 0.068225045 0
5447 0.527196990 0
5448 0.173099857 0
5449 0.034728869 0
5450 0.109922674 0
5451 0.154887678 0
5452 0.708089312 0
5453 0.171281567 0
5454 0.024559181 0
5455 0.104959496 0
5456 0.715267026 0
5457 0.807734135 0
5458 0.016295418 0
5459 0.183980875 0
5460 0.735208701 0
5461 0.840360834 0
5462 0.060739196 0
5463 0.052633801 0
5464 0.403495745 0
5465 0.030006402 0
5466 0.823997099 0
5467 0.049111052 0
5468 0.031402162 0
5469 0.638814570 0
5470 0.189822856 0
5471 0.051736384 0
5472 0.019244207 0
5473 0.061215537 0
5474 0.001836691 0
5475 0.251697647 0
5476 0.111105716 0
5477 0.531723385 0
5478 0.099227077 0
5479 0.565391726 0
5480 0.062516122 0
5481 0.014320170 0
5482 0.040525713 0
5483 0.008595912 0
5484 0.710020863 0
5485 0.033898151 0
5486 0.099761769 0
5487 0.038740585 0
5488 0.085727434 0
5489 0.071386720 0
5490 0.064522820 0
5491 0.799920777 0
5492 0.117150133 0
5493 0.041368276 0
5494 0.058428757 0
5495 0.030961572 0
5496 0.036337944 0
5497 0.119995630 0
5498 0.765088319 0
5499 0.005467947 0
5500 0.126860656 0
5501 0.156865826 0
5502 0.852779501 1
5503 0.041021778 0
5504 0.048667057 0
5505 0.055159005 0
5506 0.097723582 0
5507 0.004541128 0
5508 0.142998422 0
5509 0.528054129 1
5510 0.299790505 0
5511 0.517527385 0
5512 0.796310214 0
5513 0.075101948 0
5514 0.713406837 0
5515 0.514063753 0
5516 0.814363992 0
5517 0.060429780 0
5518 0.458233599 0
5519 0.445540053 0
5520 0.529260015 0
5521 0.727024977 0
5522 0.061539367 0
5523 0.047278857 0
5524 0.719266860 0
5525 0.723519032 0
5526 0.054255977 0
5527 0.089052068 0
5528 0.732508804 0
5529 0.004235250 0
5530 0.381735102 0
5531 0.768754272 0
5532 0.197805271 0
5533 0.111564566 0
5534 0.596829762 0
5535 0.252822017 1
5536 0.657873350 0
5537 0.040881336 0
5538 0.003323521 0
5539 0.038406692 0
5540 0.226134234 1
5541 0.108892229 0
5542 0.036603605 0
5543 0.090041410 0
5544 0.007892170 0
5545 0.833587510 1
5546 0.038733884 0
5547 0.733242263 0
5548 0.097349848 0
5549 0.057726581 0
5550 0.170465352 0
5551 0.316104021 0
5552 0.038729202 0
5553 0.016449840 0
5554 0.029056500 0
5555 0.014772656 0
5556 0.037032150 0
5557 0.697899379 0
5558 0.361896875 0
5559 0.653336447 0
5560 0.789880165 0
5561 0.194913843 0
5562 0.926072380 0
5563 0.022592986 0
5564 0.055222129 0
5565 0.056227444 0
5566 0.796808530 0
5567 0.568121092 0
5568 0.086748666 0
5569 0.093642601 0
5570 0.079484524 1
5571 0.760382322 0
5572 0.814562835 0
5573 0.060143080 0
5574 0.044170446 0
5575 0.049765253 0
5576 0.039277343 0
5577 0.051430552 0
5578 0.084935236 0
5579 0.738065031 0
5580 0.276417106 0
5581 0.126007593 0
5582 0.068639926 0
5583 0.048046412 0
5584 0.455075468 0
5585 0.708335527 0
5586 0.025384975 0
5587 0.016664187 0
5588 0.364814701 0
5589 0.724457743 0
5590 0.577619728 0
5591 0.035994099 0
5592 0.032965138 0
5593 0.024405499 0
5594 0.721331630 0
5595 0.016442962 0
5596 0.069791355 0
5597 0.049125251 0
5598 0.030556190 0
5599 0.092116521 0
5600 0.505776587 0
5601 0.484407177 1
5602 0.059468595 0
5603 0.019873531 0
5604 0.020787805 0
5605 0.013227641 0
5606 0.846386173 1
5607 0.333336543 0
5608 0.031768809 0
5609 0.635584266 0
5610 0.051952485 0
5611 0.811912099 0
5612 0.648337335 0
5613 0.843169521 0
5614 0.724979992 0
5615 0.594993340 0
5616 0.188599679 0
5617 0.482602328 0
5618 0.723205482 0
5619 0.044531427 0
5620 0.120346725 0
5621 0.043693520 0
5622 0.656396561 0
5623 0.597856229 0
5624 0.005883669 0
5625 0.020885452 0
5626 0.066515962 0
5627 0.075656350 0
5628 0.832123850 0
5629 0.706211057 0
5630 0.124921653 0
5631 0.009184080 0
5632 0.750580702 1
5633 0.024934029 0
5634 0.003561861 0
5635 0.453457068 0
5636 0.064239011 0
5637 0.527887510 0
5638 0.708588273 0
5639 0.555034806 0
5640 0.014565901 0
5641 0.653321269 0
5642 0.676509564 0
5643 0.866153572 0
5644 0.910170307 0
5645 0.395743350 0
5646 0.035777584 0
5647 0.483364196 0
5648 0.592494067 0
5649 0.032432693 0
5650 0.078278921 0
5651 0.018548316 0
5652 0.056419618 0
5653 0.052894333 0
5654 0.057755976 0
5655 0.026830506 0
5656 0.239135542 0
5657 0.620348920 0
5658 0.053245113 0
5659 0.048883635 0
5660 0.861501467 0
5661 0.016543539 0
5662 0.055651290 0
5663 0.836377236 1
5664 0.624891501 0
5665 0.790262153 0
5666 0.009783674 0
5667 0.861826748 1
5668 0.063301072 0
5669 0.526311025 0
5670 0.258126115 0
5671 0.334004339 0
5672 0.000005780 0
5673 0.015889727 0
5674 0.057669495 0
5675 0.021516149 0
5676 0.493402468 1
5677 0.009783115 0
5678 0.034129914 0
5679 0.080560206 0
5680 0.115210415 0
5681 0.066251089 0
5682 0.113915901 0
5683 0.052882910 0
5684 0.174158945 0
5685 0.742054247 0
5686 0.025162539 0
5687 0.025989058 0
5688 0.024848210 0
5689 0.081771577 0
5690 0.024431253 0
5691 0.049558095 0
5692 0.830241185 0
5693 0.040139988 0
5694 0.088204522 0
5695 0.699921927 0
5696 0.704225991 0
5697 0.034156282 0
5698 0.075607809 0
5699 0.573210958 0
5700 0.067210105 0
5701 0.682124508 0
5702 0.011296571 0
5703 0.041850541 0
5704 0.725225788 0
5705 0.002627628 0
5706 0.569204875 0
5707 0.804460324 0
5708 0.143138513 0
5709 0.016793849 0
5710 0.630540291 0
5711 0.615329853 0
5712 0.061540800 0
5713 0.013008588 0
5714 0.378223420 0
5715 0.138979062 0
5716 0.856599387 1
5717 0.001316276 0
5718 0.816048283 0
5719 0.060179089 0
5720 0.014736348 0
5721 0.016463390 0
5722 0.067985500 0
5723 0.168787133 0
5724 0.024557035 0
5725 0.707542360 0
5726 0.785093884 0
5727 0.128858854 0
5728 0.033830500 0
5729 0.076685763 0
5730 0.061642971 0
5731 0.843117931 1
5732 0.149927554 0
5733 0.048835800 0
5734 0.735108494 0
5735 0.577940165 0
5736 0.547114239 0
5737 0.099297385 1
5738 0.065414716 0
5739 0.605311958 0
5740 0.159059029 0
5741 0.166890195 0
5742 0.044187575 0
5743 0.785765162 0
5744 0.034232856 0
5745 0.026110283 0
5746 0.002412062 0
5747 0.028666588 0
5748 0.099723984 0
5749 0.797845991 0
5750 0.045513072 0
5751 0.666699249 0
5752 0.035179969 0
5753 0.774367072 1
5754 0.167654684 0
5755 0.010486579 0
5756 0.053113083 0
5757 0.105611517 0
5758 0.073149776 0
5759 0.904105602 0
5760 0.086366569 0
5761 0.030848512 0
5762 0.031667188 0
5763 0.392146437 0
5764 0.589568306 0
5765 0.581801124 0
5766 0.154153778 0
5767 0.119949993 1
5768 0.855803433 1
5769 0.254559733 0
5770 0.062412730 0
5771 0.019113779 0
5772 0.024828297 0
5773 0.017567709 0
5774 0.031858465 0
5775 0.063202290 0
5776 0.538888743 0
5777 0.674396516 0
5778 0.142214170 0
5779 0.001355042 0
5780 0.035958451 0
5781 0.863457973 1
5782 0.080124588 0
5783 0.052243126 0
5784 0.135901663 0
5785 0.020225020 0
5786 0.856633241 1
5787 0.147475904 0
5788 0.609597003 0
5789 0.813073639 0
5790 0.066942185 0
5791 0.835374477 0
5792 0.002661346 0
5793 0.043836515 0
5794 0.051742907 0
5795 0.061884447 0
5796 0.769056397 0
5797 0.086525352 0
5798 0.438643697 0
5799 0.788067038 0
5800 0.350101609 0
5801 0.014991737 0
5802 0.654671294 0
5803 0.034237385 0
5804 0.068900698 0
5805 0.622233124 0
5806 0.090660947 0
5807 0.686210292 0
5808 0.763302350 0
5809 0.837170683 0
5810 0.776183853 0
5811 0.041804305 0
5812 0.085894771 0
5813 0.126225533 0
5814 0.888701032 1
5815 0.734546056 0
5816 0.102198248 0
5817 0.235443118 0
5818 0.102962132 1
5819 0.005687226 0
5820 0.024908888 0
5821 0.026600976 0
5822 0.081797627 0
5823 0.052678271 0
5824 0.075124542 0
5825 0.751443573 0
5826 0.079778513 0
5827 0.382687330 1
5828 0.101702732 0
5829 0.703358521 1
5830 0.086576589 0
5831 0.100176107 0
5832 0.018130805 0
5833 0.211737664 0
5834 0.059108396 0
5835 0.737227993 0
5836 0.796625043 0
5837 0.076687711 0
5838 0.814351729 0
5839 0.716374700 0
5840 0.027373039 0
5841 0.029118967 0
5842 0.068701717 0
5843 0.006941492 0
5844 0.098143893 0
5845 0.046293142 0
5846 0.918127209 0
5847 0.013089035 0
5848 0.074703700 0
5849 0.371374414 0
5850 0.029771853 0
5851 0.705840969 0
5852 0.011863998 0
5853 0.034526938 0
5854 0.902729527 1
5855 0.837562084 0
5856 0.021143043 0
5857 0.073925036 0
5858 0.040234319 0
5859 0.012151963 0
5860 0.028094013 0
5861 0.781749037 0
5862 0.028133421 0
5863 0.827044987 0
5864 0.071067224 0
5865 0.776797688 0
5866 0.699270860 0
5867 0.774480323 1
5868 0.050936564 0
5869 0.841127746 0
5870 0.209016107 0
5871 0.709344231 0
5872 0.770484743 0
5873 0.189977853 0
5874 0.156294559 0
5875 0.004479814 0
5876 0.827572997 1
5877 0.025460376 0
5878 0.036469083 0
5879 0.757607277 1
5880 0.290049502 0
5881 0.422187164 0
5882 0.027524815 0
5883 0.017081167 0
5884 0.050845333 0
5885 0.815723272 0
5886 0.044200903 0
5887 0.023538553 0
5888 0.037226098 0
5889 0.042848456 0
5890 0.045423188 0
5891 0.089173578 0
5892 0.568235289 0
5893 0.723301735 0
5894 0.810426124 0
5895 0.890553190 0
5896 0.027001840 0
5897 0.017605122 0
5898 0.075028841 0
5899 0.281088146 0
5900 0.083518043 0
5901 0.045940384 0
5902 0.002244700 0
5903 0.021625272 0
5904 0.009961763 0
5905 0.054025266 0
5906 0.520720068 0
5907 0.095205403 0
5908 0.019669942 0
5909 0.103720056 0
5910 0.058278529 0
5911 0.007059928 0
5912 0.048319438 0
5913 0.103864782 0
5914 0.524048372 0
5915 0.774550386 0
5916 0.916468574 0
5917 0.524938842 1
5918 0.676106560 0
5919 0.010777194 0
5920 0.081336936 0
5921 0.814218629 0
5922 0.067178588 0
5923 0.849226192 0
5924 0.087251265 0
5925 0.479477119 0
5926 0.025709168 0
5927 0.044843353 0
5928 0.871468337 0
5929 0.102355722 0
5930 0.094224700 0
5931 0.803443034 0
5932 0.852316672 0
5933 0.164301104 0
5934 0.081211880 0
5935 0.039367766 0
5936 0.890475093 0
5937 0.063863258 0
5938 0.026466489 0
5939 0.262895173 0
5940 0.011565222 0
5941 0.001416514 1
5942 0.008545215 0
5943 0.399041348 0
5944 0.063050033 0
5945 0.232269542 0
5946 0.164555311 0
5947 0.634773685 0
5948 0.638355539 0
5949 0.024737471 0
5950 0.004784224 0
5951 0.004903237 0
5952 0.619244393 0
5953 0.796790685 0
5954 0.771800048 1
5955 0.031570970 0
5956 0.543165212 0
5957 0.266512375 0
5958 0.101708175 0
5959 0.096463754 0
5960 0.056989389 0
5961 0.686078655 0
5962 0.041262688 0
5963 0.376759644 0
5964 0.033670883 0
5965 0.038733909 0
5966 0.416900175 0
5967 0.272863127 1
5968 0.115210046 0
5969 0.685449582 0
5970 0.016774577 0
5971 0.027898338 0
5972 0.858805807 1
5973 0.060479517 0
5974 0.261130197 0
5975 0.628456804 0
5976 0.015741002 0
5977 0.623344013 0
5978 0.126939508 0
5979 0.713392964 0
5980 0.059290186 0
5981 0.043070007 0
5982 0.068789648 0
5983 0.811493434 0
5984 0.824982405 0
5985 0.303429173 0
5986 0.676971503 0
5987 0.068356125 0
5988 0.018945714 0
5989 0.006843249 0
5990 0.690150117 0
5991 0.485745515 0
5992 0.600690754 0
5993 0.456439198 0
5994 0.716097792 0
5995 0.272090180 0
5996 0.031387818 0
5997 0.088290601 0
5998 0.507294094 0
5999 0.780027598 0
6000 0.242112938 0
6001 0.719915108 1
6002 0.081415083 0
6003 0.182650134 0
6004 0.737487267 0
6005 0.004788253 0
6006 0.080219652 0
6007 0.077626988 0
6008 0.828216018 1
6009 0.081312653 0
6010 0.062032373 0
6011 0.045400917 0
6012 0.000639432 0
6013 0.084502217 0
6014 0.020525754 0
6015 0.026794315 0
6016 0.056025037 0
6017 0.059699017 0
6018 0.025092081 0
6019 0.748396905 0
6020 0.823319515 0
6021 0.209799823 0
6022 0.714079094 0
6023 0.411666760 0
6024 0.051267539 0
6025 0.068213606 0
6026 0.037066277 0
6027 0.767779965 0
6028 0.623071869 0
6029 0.096954039 0
6030 0.035232734 0
6031 0.046933568 0
6032 0.722470984 0
6033 0.055797665 0
6034 0.796406034 0
6035 0.053176147 0
6036 0.428125564 0
6037 0.001510013 0
6038 0.039903453 0
6039 0.643048421 0
6040 0.725649734 1
6041 0.886332448 0
6042 0.252721980 1
6043 0.099298626 0
6044 0.047796022 0
6045 0.616596872 0
6046 0.080298805 0
6047 0.045775843 0
6048 0.115458732 0
6049 0.675085710 0
6050 0.150680850 0
6051 0.069063286 0
6052 0.031756942 0
6053 0.798093025 1
6054 0.562545203 0
6055 0.866692388 0
6056 0.094195589 0
6057 0.061423816 0
6058 0.226584979 0
6059 0.020612276 0
6060 0.114422441 0
6061 0.051726367 0
6062 0.026879073 0
6063 0.077175054 0
6064 0.034558992 0
6065 0.628841234 0
6066 0.791864803 0
6067 0.295214456 1
6068 0.080632189 0
6069 0.013923774 0
6070 0.572627180 0
6071 0.139141217 0
6072 0.060076234 0
6073 0.078833221 0
6074 0.755922209 0
6075 0.889757272 1
6076 0.022608947 0
6077 0.042661960 0
6078 0.372968843 0
6079 0.084119664 0
6080 0.050856722 0
6081 0.082449046 0
6082 0.013163221 0
6083 0.077143005 0
6084 0.047455929 0
6085 0.899919826 1
6086 0.078323823 0
6087 0.041552902 0
6088 0.853190007 0
6089 0.034075956 0
6090 0.029325364 0
6091 0.071375309 0
6092 0.068569235 0
6093 0.079571378 0
6094 0.073066819 0
6095 0.017756373 0
6096 0.627096777 0
6097 0.060561955 0
6098 0.159953003 0
6099 0.490388169 0
6100 0.086964730 0
6101 0.059535245 0
6102 0.060484798 0
6103 0.009352779 0
6104 0.074062793 0
6105 0.578435002 0
6106 0.240365090 0
6107 0.026517701 0
6108 0.886038807 1
6109 0.829340357 0
6110 0.032162629 0
6111 0.059412612 0
6112 0.010051113 0
6113 0.876976926 0
6114 0.516470295 0
6115 0.051932381 0
6116 0.016813422 0
6117 0.803756219 0
6118 0.832010511 0
6119 0.656399640 0
6120 0.006999485 0
6121 0.835011401 1
6122 0.063869250 0
6123 0.334374142 0
6124 0.865889893 0
6125 0.723264181 0
6126 0.486529099 0
6127 0.293555543 0
6128 0.050675823 0
6129 0.848158703 0
6130 0.879151443 0
6131 0.066874594 0
6132 0.689272683 0
6133 0.084515969 0
6134 0.099046113 0
6135 0.051973345 0
6136 0.647670927 0
6137 0.435573760 0
6138 0.035984518 0
6139 0.087272152 0
6140 0.049892777 0
6141 0.767506380 0
6142 0.147375289 0
6143 0.023026129 0
6144 0.172665387 0
6145 0.059576383 0
6146 0.393683149 0
6147 0.060167229 0
6148 0.089043287 0
6149 0.028542717 0
6150 0.670350290 0
6151 0.883151192 0
6152 0.114996064 0
6153 0.021991070 0
6154 0.108513202 0
6155 0.108080163 0
6156 0.002414025 0
6157 0.794632315 0
6158 0.072886718 0
6159 0.082515982 0
6160 0.798870364 0
6161 0.006661880 0
6162 0.321019650 0
6163 0.197915705 0
6164 0.022528285 0
6165 0.471482338 0
6166 0.055897730 0
6167 0.739303504 0
6168 0.060779862 0
6169 0.399594173 0
6170 0.042130183 0
6171 0.906539581 0
6172 0.549997184 0
6173 0.162638380 0
6174 0.861876035 0
6175 0.009185260 0
6176 0.096095795 1
6177 0.015800145 0
6178 0.875776893 1
6179 0.500000000 0
6180 0.033671249 0
6181 0.095587840 0
6182 0.582833327 0
6183 0.584600225 0
6184 0.046677109 0
6185 0.111588326 0
6186 0.030714883 0
6187 0.136236713 0
6188 0.065045921 0
6189 0.060848785 0
6190 0.869578926 0
6191 0.063225433 0
6192 0.776445050 0
6193 0.069654912 0
6194 0.040289138 0
6195 0.783601269 0
6196 0.036348000 0
6197 0.062791387 0
6198 0.038994395 0
6199 0.008987539 0
6200 0.205990990 0
6201 0.893996626 1
6202 0.286626863 0
6203 0.119653013 0
6204 0.061225904 0
6205 0.007562478 0
6206 0.399088899 0
6207 0.872934217 0
6208 0.028705169 0
6209 0.029946625 0
6210 0.826465834 1
6211 0.038140981 0
6212 0.038701881 0
6213 0.038351502 0
6214 0.094070566 0
6215 0.060281873 0
6216 0.149848005 0
6217 0.846218676 0
6218 0.010830936 0
6219 0.041487277 0
6220 0.037419521 0
6221 0.011650019 0
6222 0.102473117 0
6223 0.688565102 0
6224 0.146875635 0
6225 0.130687071 0
6226 0.025569294 0
6227 0.004740394 0
6228 0.670215584 0
6229 0.909263353 1
6230 0.014883662 0
6231 0.606125637 1
6232 0.490155078 0
6233 0.004111479 0
6234 0.395369519 0
6235 0.617241146 0
6236 0.046198491 0
6237 0.147632181 0
6238 0.008766182 0
6239 0.849805908 0
6240 0.678520700 0
6241 0.531982659 0
6242 0.090794419 0
6243 0.455805569 0
6244 0.075548203 0
6245 0.059747560 0
6246 0.064808727 0
6247 0.236776738 0
6248 0.115487468 0
6249 0.085187106 0
6250 0.030499106 0
6251 0.837887164 0
6252 0.030681266 0
6253 0.010579792 0
6254 0.085534483 0
6255 0.042070865 0
6256 0.170552676 0
6257 0.081428069 0
6258 0.114828114 0
6259 0.045915336 0
6260 0.221524673 0
6261 0.038814281 0
6262 0.078233588 0
6263 0.716974551 0
6264 0.067226199 0
6265 0.045743080 0
6266 0.064692210 0
6267 0.025469942 1
6268 0.845329542 0
6269 0.059914267 0
6270 0.818531106 0
6271 0.645998290 0
6272 0.808232575 0
6273 0.114232537 0
6274 0.032982773 0
6275 0.825282035 0
6276 0.009992350 0
6277 0.044608597 0
6278 0.802184022 0
6279 0.500000000 0
6280 0.782097548 0
6281 0.461820253 0
6282 0.083475471 0
6283 0.465306969 0
6284 0.082660058 0
6285 0.019204531 0
6286 0.013662708 0
6287 0.074339214 0
6288 0.076553064 0
6289 0.064525081 0
6290 0.026847089 0
6291 0.192429001 0
6292 0.057964455 0
6293 0.038143904 0
6294 0.064030141 0
6295 0.094880869 0
6296 0.060748275 0
6297 0.879429137 0
6298 0.155315660 0
6299 0.006178072 0
6300 0.024667356 0
6301 0.814126715 0
6302 0.373341713 0
6303 0.081796857 0
6304 0.164795556 0
6305 0.164680486 0
6306 0.373134293 0
6307 0.659424447 0
6308 0.003680161 0
6309 0.221141207 0
6310 0.048962522 0
6311 0.003805229 0
6312 0.729562865 0
6313 0.823851937 0
6314 0.105583259 0
6315 0.513921966 1
6316 0.009155348 0
6317 0.061080162 0
6318 0.025913922 0
6319 0.033778903 0
6320 0.044503463 0
6321 0.787707777 0
6322 0.061001780 0
6323 0.316681229 0
6324 0.895135331 1
6325 0.006656687 0
6326 0.812806096 0
6327 0.096976894 0
6328 0.012476246 0
6329 0.245024167 0
6330 0.079164641 0
6331 0.022306782 0
6332 0.765078458 0
6333 0.895839745 0
6334 0.203811859 0
6335 0.695128284 0
6336 0.043361153 0
6337 0.064313710 0
6338 0.874566518 0
6339 0.500000000 1
6340 0.621322877 0
6341 0.681723685 0
6342 0.036497454 1
6343 0.024298862 0
6344 0.801938524 1
6345 0.557352814 1
6346 0.709620666 0
6347 0.035962306 0
6348 0.048343193 0
6349 0.815903029 1
6350 0.500000000 0
6351 0.063967544 0
6352 0.804024324 0
6353 0.575228895 0
6354 0.027749478 0
6355 0.034139674 0
6356 0.103624961 0
6357 0.903754266 0
6358 0.039269234 0
6359 0.646200610 0
6360 0.171605053 0
6361 0.416276526 0
6362 0.779849209 0
6363 0.800882954 0
6364 0.264847286 0
6365 0.820033909 0
6366 0.575158541 0
6367 0.011276822 0
6368 0.165599787 0
6369 0.048440702 0
6370 0.817986722 1
6371 0.744452719 0
6372 0.709477464 1
6373 0.195029243 0
6374 0.759770717 0
6375 0.035123081 0
6376 0.866106698 1
6377 0.120200032 0
6378 0.025956288 0
6379 0.360053990 0
6380 0.006079711 0
6381 0.667705011 0
6382 0.141303337 0
6383 0.008927105 0
6384 0.036075483 0
6385 0.831676573 0
6386 0.000918479 0
6387 0.596817075 0
6388 0.047799691 0
6389 0.795810494 0
6390 0.068331600 0
6391 0.096623453 0
6392 0.018585933 0
6393 0.004751248 0
6394 0.795217556 1
6395 0.741786686 0
6396 0.743055043 0
6397 0.097736026 0
6398 0.823480345 0
6399 0.043227790 0
6400 0.287467907 0
6401 0.848315916 0
6402 0.053075083 0
6403 0.016944486 0
6404 0.824432193 0
6405 0.119650208 0
6406 0.515253395 0
6407 0.000907664 0
6408 0.071824197 0
6409 0.039040690 0
6410 0.669906138 0
6411 0.584991296 0
6412 0.094203750 0
6413 0.439616082 0
6414 0.057453247 0
6415 0.005841246 0
6416 0.028515153 0
6417 0.359367631 0
6418 0.783407584 0
6419 0.021780581 0
6420 0.752490116 1
6421 0.768545821 0
6422 0.237267023 0
6423 0.069401827 0
6424 0.104163374 0
6425 0.824513507 1
6426 0.790524858 0
6427 0.893836493 0
6428 0.025683018 0
6429 0.172345145 0
6430 0.069009371 0
6431 0.062233577 0
6432 0.827364053 0
6433 0.026473181 0
6434 0.603517515 0
6435 0.056558139 0
6436 0.051375452 0
6437 0.429771982 1
6438 0.363839293 0
6439 0.657360055 0
6440 0.030145920 0
6441 0.138916407 0
6442 0.796973953 0
6443 0.037719531 0
6444 0.587208303 0
6445 0.479486412 0
6446 0.835500892 0
6447 0.057692639 0
6448 0.106894505 0
6449 0.790674855 1
6450 0.463262930 0
6451 0.079935645 0
6452 0.011088440 0
6453 0.130990975 0
6454 0.063444108 0
6455 0.130579632 0
6456 0.370358583 0
6457 0.011327304 0
6458 0.201047037 0
6459 0.052071452 0
6460 0.833932332 1
6461 0.053358446 0
6462 0.028526430 0
6463 0.307947004 0
6464 0.535919802 0
6465 0.819354372 0
6466 0.055070143 0
6467 0.772839283 1
6468 0.049621397 0
6469 0.871404950 1
6470 0.752199584 0
6471 0.814234606 0
6472 0.883323242 0
6473 0.060125219 0
6474 0.025308985 0
6475 0.031815941 0
6476 0.071194085 0
6477 0.064025805 0
6478 0.089955516 0
6479 0.593005348 0
6480 0.579041694 0
6481 0.821060217 0
6482 0.059937946 0
6483 0.094263736 0
6484 0.827455586 0
6485 0.526616374 0
6486 0.016579915 0
6487 0.060394935 0
6488 0.067882246 0
6489 0.331882152 0
6490 0.584391435 0
6491 0.057983988 0
6492 0.228306627 0
6493 0.792202731 0
6494 0.310471417 0
6495 0.026477131 0
6496 0.018865666 0
6497 0.072049510 0
6498 0.069079656 0
6499 0.011643931 0
6500 0.823794754 0
6501 0.815536255 1
6502 0.050136033 0
6503 0.041341380 0
6504 0.716504271 0
6505 0.781865894 0
6506 0.066939192 0
6507 0.039914337 0
6508 0.438831608 0
6509 0.756295255 0
6510 0.125893133 0
6511 0.035569819 0
6512 0.009612700 0
6513 0.033771374 0
6514 0.041085026 0
6515 0.141665281 0
6516 0.696471339 0
6517 0.335217837 0
6518 0.055610780 0
6519 0.713427280 1
6520 0.500000000 0
6521 0.844370233 1
6522 0.756521521 1
6523 0.821264455 0
6524 0.664376108 0
6525 0.053934481 0
6526 0.706018814 0
6527 0.811302735 0
6528 0.055409147 0
6529 0.820153510 0
6530 0.513801001 0
6531 0.630825058 0
6532 0.050520698 0
6533 0.084012774 0
6534 0.108849278 0
6535 0.787393970 0
6536 0.064850948 0
6537 0.039521480 0
6538 0.500000000 0
6539 0.005888502 0
6540 0.075971971 0
6541 0.271922262 0
6542 0.068895525 0
6543 0.020724636 0
6544 0.823830529 1
6545 0.059654991 0
6546 0.674926618 0
6547 0.040533240 0
6548 0.840849310 0
6549 0.091139752 0
6550 0.023237495 0
6551 0.541988074 0
6552 0.775426280 0
6553 0.860106559 0
6554 0.796781361 0
6555 0.015856504 0
6556 0.856022442 0
6557 0.028120784 0
6558 0.773468775 0
6559 0.056249369 0
6560 0.899083634 0
6561 0.009927321 0
6562 0.092948026 0
6563 0.784734829 0
6564 0.763602365 0
6565 0.833799086 0
6566 0.063408694 0
6567 0.055667854 0
6568 0.001417193 0
6569 0.139866657 0
6570 0.627925746 0
6571 0.137746551 0
6572 0.062802414 0
6573 0.014588534 0
6574 0.052472209 0
6575 0.042729563 0
6576 0.356989104 0
6577 0.527078549 1
6578 0.092826992 0
6579 0.867013005 1
6580 0.028449363 0
6581 0.076381087 0
6582 0.019448019 0
6583 0.805127327 1
6584 0.789206441 0
6585 0.897357136 0
6586 0.493493134 0
6587 0.030558980 0
6588 0.064590229 0
6589 0.843524625 0
6590 0.045993700 0
6591 0.402615680 0
6592 0.017903749 0
6593 0.075289458 0
6594 0.019208243 0
6595 0.033200049 0
6596 0.078894287 0
6597 0.840844050 1
6598 0.074893000 0
6599 0.877146207 0
6600 0.070217536 0
6601 0.431034029 0
6602 0.019498460 0
6603 0.621963603 0
6604 0.023828379 0
6605 0.005420970 0
6606 0.092031874 0
6607 0.087407699 0
6608 0.828899081 0
6609 0.029942724 0
6610 0.023134870 0
6611 0.234431220 0
6612 0.196418845 0
6613 0.097529910 0
6614 0.021192199 0
6615 0.056834333 0
6616 0.035217928 0
6617 0.420160898 0
6618 0.063038150 0
6619 0.675519733 0
6620 0.033859407 0
6621 0.773194140 0
6622 0.744483578 0
6623 0.000123482 0
6624 0.051619825 0
6625 0.070402943 0
6626 0.010291942 0
6627 0.222483992 1
6628 0.059659051 0
6629 0.708097252 0
6630 0.563693627 0
6631 0.721551843 0
6632 0.186232597 0
6633 0.008251715 0
6634 0.864828266 0
6635 0.594803195 0
6636 0.812341087 0
6637 0.838163371 0
6638 0.009117389 0
6639 0.787386685 0
6640 0.004334782 0
6641 0.004899890 0
6642 0.085711319 0
6643 0.015181750 0
6644 0.101695219 0
6645 0.005124296 0
6646 0.355736013 0
6647 0.047711699 0
6648 0.728083740 0
6649 0.038112864 0
6650 0.621233014 0
6651 0.075237724 0
6652 0.093964071 0
6653 0.707189782 0
6654 0.022344939 0
6655 0.081352045 0
6656 0.851166448 0
6657 0.755666237 0
6658 0.010657052 0
6659 0.792549203 0
6660 0.026763000 0
6661 0.015376275 0
6662 0.028564661 0
6663 0.057786057 0
6664 0.749247664 0
6665 0.669281173 0
6666 0.042655491 0
6667 0.013307790 0
6668 0.866525457 0
6669 0.719648685 0
6670 0.846412911 1
6671 0.870705303 0
6672 0.805824394 0
6673 0.727338176 0
6674 0.658019200 0
6675 0.068676053 0
6676 0.137334297 0
6677 0.029033856 0
6678 0.061186074 0
6679 0.025578659 0
6680 0.017490186 0
6681 0.820672780 1
6682 0.007663532 0
6683 0.302611987 0
6684 0.020815546 0
6685 0.754273392 1
6686 0.044289956 0
6687 0.121893828 0
6688 0.549625955 0
6689 0.016371894 0
6690 0.106602739 0
6691 0.026578864 0
6692 0.085117380 0
6693 0.768629477 0
6694 0.561014154 0
6695 0.614519532 0
6696 0.607016237 0
6697 0.638948097 0
6698 0.021061045 0
6699 0.100808010 0
6700 0.144976970 0
6701 0.049096167 0
6702 0.039010099 0
6703 0.341142669 0
6704 0.053535830 0
6705 0.045711240 0
6706 0.073978864 0
6707 0.026311001 0
6708 0.134463523 0
6709 0.009102092 0
6710 0.064895125 0
6711 0.026188251 0
6712 0.760670885 0
6713 0.010039496 0
6714 0.677760377 0
6715 0.813844882 0
6716 0.034573874 0
6717 0.079977572 0
6718 0.035545370 0
6719 0.695278683 0
6720 0.072919410 0
6721 0.098583390 0
6722 0.541789426 0
6723 0.065113175 0
6724 0.804045024 0
6725 0.761321593 0
6726 0.025911341 0
6727 0.118074709 0
6728 0.001330392 0
6729 0.756817509 0
6730 0.041855931 0
6731 0.002832102 0
6732 0.107395995 0
6733 0.756688848 0
6734 0.015540852 0
6735 0.044926226 0
6736 0.081757719 0
6737 0.036927969 0
6738 0.008962347 0
6739 0.088561695 0
6740 0.574077714 0
6741 0.061281645 0
6742 0.048969784 0
6743 0.008422017 0
6744 0.029705015 0
6745 0.025527446 0
6746 0.186594394 0
6747 0.541975913 0
6748 0.549480561 1
6749 0.866852952 1
6750 0.615517837 0
6751 0.074500227 0
6752 0.296938413 0
6753 0.344115382 0
6754 0.715650619 0
6755 0.032322016 0
6756 0.165968889 0
6757 0.126987731 0
6758 0.683750985 0
6759 0.156859988 0
6760 0.638438149 0
6761 0.015915268 0
6762 0.650142385 0
6763 0.013839448 0
6764 0.093379187 0
6765 0.576310954 0
6766 0.870866667 0
6767 0.012878186 0
6768 0.523232930 0
6769 0.795111361 0
6770 0.014929016 0
6771 0.070135317 0
6772 0.762573647 0
6773 0.009383806 0
6774 0.103616351 0
6775 0.078648791 0
6776 0.603842715 0
6777 0.060378562 0
6778 0.002046905 0
6779 0.369892463 0
6780 0.327675056 0
6781 0.060957540 0
6782 0.013554635 0
6783 0.027665091 0
6784 0.017698077 0
6785 0.805862490 0
6786 0.025761400 0
6787 0.030828931 0
6788 0.120522199 0
6789 0.500000000 0
6790 0.045387650 0
6791 0.827819837 0
6792 0.090154932 0
6793 0.659636285 0
6794 0.045915375 0
6795 0.647088694 0
6796 0.572292897 0
6797 0.480884995 0
6798 0.653576092 0
6799 0.916246380 0
6800 0.516646697 0
6801 0.784701106 0
6802 0.829027270 0
6803 0.061749894 0
6804 0.019902736 0
6805 0.046147916 0
6806 0.001324370 0
6807 0.010773017 0
6808 0.728050714 0
6809 0.084734431 0
6810 0.777471118 1
6811 0.003576758 0
6812 0.893397730 0
6813 0.500000000 0
6814 0.041064185 0
6815 0.059167966 0
6816 0.033668483 0
6817 0.019617588 0
6818 0.917717731 0
6819 0.026994852 0
6820 0.132736759 0
6821 0.007941312 0
6822 0.615167629 0
6823 0.646335313 0
6824 0.009833503 0
6825 0.017833361 0
6826 0.875291758 0
6827 0.599227807 0
6828 0.032372809 0
6829 0.044306883 0
6830 0.059002316 0
6831 0.103637233 0
6832 0.013662819 0
6833 0.201532519 0
6834 0.012735104 0
6835 0.079167056 0
6836 0.086267530 0
6837 0.025152795 0
6838 0.035843487 0
6839 0.000007500 0
6840 0.425473967 0
6841 0.061066204 0
6842 0.053638786 0
6843 0.004671125 0
6844 0.076087208 0
6845 0.111478855 0
6846 0.252037041 0
6847 0.060346301 0
6848 0.035446392 0
6849 0.085208392 0
6850 0.029335751 0
6851 0.038559482 0
6852 0.008118952 0
6853 0.037051605 0
6854 0.841679928 0
6855 0.048036584 0
6856 0.098500883 0
6857 0.089850049 0
6858 0.060964734 0
6859 0.011278066 0
6860 0.015741662 0
6861 0.710266013 0
6862 0.122071493 0
6863 0.059088363 0
6864 0.044690677 0
6865 0.059223609 0
6866 0.037230588 0
6867 0.190095404 0
6868 0.086366767 1
6869 0.035431552 0
6870 0.046000398 0
6871 0.022286089 0
6872 0.154591613 0
6873 0.006952632 0
6874 0.103979909 0
6875 0.110671747 0
6876 0.751524434 0
6877 0.675211681 0
6878 0.014422600 0
6879 0.176205246 0
6880 0.050716995 0
6881 0.116885296 0
6882 0.543535411 0
6883 0.043433796 0
6884 0.087309886 0
6885 0.843558428 0
6886 0.238632602 0
6887 0.057333926 0
6888 0.824989550 0
6889 0.116721314 0
6890 0.658475076 0
6891 0.212407756 0
6892 0.012055761 0
6893 0.033956526 0
6894 0.780254010 0
6895 0.571832077 0
6896 0.601626687 0
6897 0.031486250 0
6898 0.078842041 0
6899 0.050639432 0
6900 0.059103900 0
6901 0.233639200 0
6902 0.682927334 1
6903 0.473322634 0
6904 0.760797896 0
6905 0.071776868 0
6906 0.845493223 0
6907 0.047881384 0
6908 0.043537086 0
6909 0.033765648 0
6910 0.060907116 0
6911 0.069955494 0
6912 0.057085895 0
6913 0.066335523 0
6914 0.206646223 0
6915 0.061639013 0
6916 0.045668845 0
6917 0.686154303 0
6918 0.431281697 0
6919 0.742274561 0
6920 0.858154884 1
6921 0.024213693 0
6922 0.107584790 0
6923 0.730415781 0
6924 0.161508103 0
6925 0.144814957 0
6926 0.040383177 0
6927 0.574154307 0
6928 0.032472289 0
6929 0.054994969 0
6930 0.716651027 0
6931 0.094373940 0
6932 0.041221501 0
6933 0.656887269 0
6934 0.006980203 0
6935 0.009691211 0
6936 0.346300020 0
6937 0.037870479 0
6938 0.001935826 0
6939 0.910221748 0
6940 0.046684055 0
6941 0.094668106 0
6942 0.079431887 0
6943 0.076485859 0
6944 0.861979242 0
6945 0.347953144 0
6946 0.716312799 0
6947 0.017981195 0
6948 0.082943360 0
6949 0.860011213 0
6950 0.042776491 0
6951 0.508385134 0
6952 0.000002064 0
6953 0.025718165 0
6954 0.060479264 0
6955 0.890180265 0
6956 0.693487923 0
6957 0.819363564 1
6958 0.081894670 0
6959 0.027296265 0
6960 0.023915840 0
6961 0.894274620 0
6962 0.896486562 1
6963 0.719309259 0
6964 0.779437229 0
6965 0.715553078 0
6966 0.647002643 0
6967 0.663969896 0
6968 0.074924220 0
6969 0.099145475 0
6970 0.100498712 1
6971 0.641862057 0
6972 0.040789460 0
6973 0.189116406 0
6974 0.008351593 0
6975 0.016024459 0
6976 0.056169791 0
6977 0.830081142 0
6978 0.128590495 0
6979 0.856740160 1
6980 0.765964048 0
6981 0.763794180 0
6982 0.566631022 0
6983 0.064485943 0
6984 0.005588630 0
6985 0.043087878 0
6986 0.839982248 0
6987 0.067611446 0
6988 0.339535999 0
6989 0.091081340 0
6990 0.000883153 0
6991 0.130707801 0
6992 0.141210284 0
6993 0.053200582 0
6994 0.909277325 0
6995 0.645958265 0
6996 0.054686509 0
6997 0.061660423 0
6998 0.708346867 0
6999 0.069458173 0
7000 0.007071024 0
7001 0.649839960 1
7002 0.063767477 0
7003 0.376926022 0
7004 0.486868351 0
7005 0.583919539 0
7006 0.833419482 0
7007 0.065576151 0
7008 0.109439788 0
7009 0.346135675 0
7010 0.831551121 1
7011 0.103149433 0
7012 0.500000000 0
7013 0.649581779 1
7014 0.672982286 1
7015 0.062072959 0
7016 0.553338959 0
7017 0.327703896 0
7018 0.031632030 0
7019 0.552878935 0
7020 0.087565090 0
7021 0.836086254 0
7022 0.720322561 1
7023 0.054210781 0
7024 0.009666204 0
7025 0.579547384 1
7026 0.769423738 0
7027 0.858321732 1
7028 0.927637380 1
7029 0.406405805 0
7030 0.018377344 0
7031 0.808439187 0
7032 0.060458846 0
7033 0.059738040 0
7034 0.030132386 0
7035 0.705102099 0
7036 0.750053357 0
7037 0.759403436 0
7038 0.059192582 0
7039 0.840263575 0
7040 0.647255326 0
7041 0.026587111 0
7042 0.703468459 0
7043 0.082769025 0
7044 0.375985104 0
7045 0.056106464 0
7046 0.086132133 0
7047 0.684264038 0
7048 0.261834849 0
7049 0.107380083 0
7050 0.611528393 0
7051 0.095154445 0
7052 0.041923887 0
7053 0.039035234 0
7054 0.042831630 0
7055 0.049609523 0
7056 0.332904193 0
7057 0.077132113 0
7058 0.056374320 0
7059 0.055026587 0
7060 0.660826057 0
7061 0.879415947 0
7062 0.057875839 0
7063 0.537711698 0
7064 0.053817657 0
7065 0.342219658 0
7066 0.075527176 0
7067 0.043050245 0
7068 0.868739522 0
7069 0.788172475 0
7070 0.056520609 0
7071 0.650021615 0
7072 0.813045313 0
7073 0.146851653 1
7074 0.006890677 0
7075 0.014554419 0
7076 0.631159635 0
7077 0.737539261 1
7078 0.027083339 0
7079 0.055923420 0
7080 0.034409056 0
7081 0.723368279 0
7082 0.054880669 0
7083 0.001629216 0
7084 0.769136282 0
7085 0.037631526 0
7086 0.882967430 0
7087 0.050007101 0
7088 0.011625394 0
7089 0.460914464 0
7090 0.134637877 0
7091 0.062298476 0
7092 0.050073619 0
7093 0.017898900 0
7094 0.582432903 0
7095 0.072809537 0
7096 0.185140103 0
7097 0.070855165 0
7098 0.035201037 0
7099 0.702583197 0
7100 0.008581937 0
7101 0.445624869 0
7102 0.217116987 0
7103 0.719177049 0
7104 0.024507848 0
7105 0.042930335 0
7106 0.050299407 0
7107 0.044610186 0
7108 0.047713365 0
7109 0.040365482 0
7110 0.526545676 0
7111 0.067458988 0
7112 0.803915907 0
7113 0.882892046 0
7114 0.848096037 0
7115 0.832656510 0
7116 0.023230313 0
7117 0.015668529 0
7118 0.787961841 0
7119 0.061737150 0
7120 0.018618894 0
7121 0.220371730 0
7122 0.024582911 0
7123 0.125408788 0
7124 0.366708675 0
7125 0.880568417 0
7126 0.592245402 0
7127 0.107657648 0
7128 0.020899530 0
7129 0.227432579 0
7130 0.059899548 0
7131 0.828641001 0
7132 0.809625410 0
7133 0.041050474 0
7134 0.754504281 0
7135 0.005075948 0
7136 0.059437546 0
7137 0.096549621 0
7138 0.218579282 0
7139 0.800039293 0
7140 0.031787774 0
7141 0.091860241 0
7142 0.041272446 0
7143 0.016272929 0
7144 0.646349332 0
7145 0.062890235 0
7146 0.054208926 0
7147 0.789586684 0
7148 0.077771529 0
7149 0.843653639 1
7150 0.600538549 0
7151 0.958554163 1
7152 0.035646781 0
7153 0.029348508 0
7154 0.025923326 0
7155 0.055531291 0
7156 0.046062310 0
7157 0.113930062 0
7158 0.678850276 0
7159 0.039611285 0
7160 0.338374692 0
7161 0.644371216 0
7162 0.104608880 0
7163 0.569505478 0
7164 0.012756788 0
7165 0.010431324 0
7166 0.182365214 0
7167 0.500000000 0
7168 0.539878521 0
7169 0.456096304 0
7170 0.872859203 0
7171 0.029693062 0
7172 0.011687767 0
7173 0.151227352 0
7174 0.005890731 0
7175 0.175190469 0
7176 0.115415414 0
7177 0.067850494 0
7178 0.077349599 0
7179 0.029129795 0
7180 0.071625786 0
7181 0.064285947 0
7182 0.334807720 0
7183 0.124678416 0
7184 0.943757391 0
7185 0.693128086 1
7186 0.039078072 0
7187 0.862856973 1
7188 0.264919827 0
7189 0.051221522 0
7190 0.859877513 0
7191 0.731043358 0
7192 0.029910901 0
7193 0.043133634 0
7194 0.017710039 0
7195 0.658022805 0
7196 0.852918369 0
7197 0.875496435 1
7198 0.059797523 0
7199 0.081640392 0
7200 0.540860447 0
7201 0.002053351 0
7202 0.027008158 0
7203 0.850352598 1
7204 0.087537521 0
7205 0.856970273 1
7206 0.701472855 0
7207 0.774466207 0
7208 0.053997462 0
7209 0.726969208 0
7210 0.039108751 0
7211 0.725176286 0
7212 0.827403539 1
7213 0.085490399 0
7214 0.106011164 0
7215 0.907717867 0
7216 0.864355215 1
7217 0.745774895 0
7218 0.650061568 0
7219 0.866776187 0
7220 0.130327967 0
7221 0.038437740 0
7222 0.020864451 0
7223 0.039454655 0
7224 0.542036202 0
7225 0.017852505 0
7226 0.030319307 0
7227 0.011979814 0
7228 0.651086046 0
7229 0.707217621 0
7230 0.701748370 0
7231 0.088186283 0
7232 0.763319497 0
7233 0.098481075 0
7234 0.714043513 0
7235 0.070744685 0
7236 0.001661560 0
7237 0.075706652 0
7238 0.555301944 0
7239 0.089101191 0
7240 0.065464305 0
7241 0.025930828 0
7242 0.775976679 0
7243 0.645562062 0
7244 0.745944252 0
7245 0.053231500 0
7246 0.107003285 0
7247 0.026164271 0
7248 0.025523233 0
7249 0.046842404 0
7250 0.047453135 0
7251 0.807912682 0
7252 0.241165329 0
7253 0.680367720 0
7254 0.070606319 0
7255 0.071976013 0
7256 0.748650831 0
7257 0.004915545 0
7258 0.779347758 0
7259 0.800822791 0
7260 0.880842424 0
7261 0.845186319 1
7262 0.860865753 0
7263 0.017535335 0
7264 0.028522239 0
7265 0.721284556 0
7266 0.235140276 0
7267 0.054625640 0
7268 0.048600954 0
7269 0.039458220 0
7270 0.039028803 0
7271 0.055867910 0
7272 0.869096863 1
7273 0.064753429 0
7274 0.698910091 0
7275 0.003912533 0
7276 0.044029760 0
7277 0.687110695 0
7278 0.187735690 0
7279 0.058635861 0
7280 0.044727600 0
7281 0.024244368 0
7282 0.058370007 0
7283 0.724178601 0
7284 0.144050359 0
7285 0.079118878 0
7286 0.010119619 0
7287 0.765551484 0
7288 0.019104260 0
7289 0.011378139 0
7290 0.090636174 0
7291 0.361973743 0
7292 0.032246436 0
7293 0.008121505 0
7294 0.057873968 0
7295 0.882651228 0
7296 0.036973830 0
7297 0.799169979 0
7298 0.070948279 0
7299 0.014253266 0
7300 0.049676729 0
7301 0.825145773 0
7302 0.013475397 0
7303 0.080699505 0
7304 0.097901652 0
7305 0.284030433 0
7306 0.109677223 0
7307 0.190932719 0
7308 0.009107765 0
7309 0.714997858 1
7310 0.744066474 0
7311 0.118549473 0
7312 0.574710387 0
7313 0.092660887 0
7314 0.056711484 0
7315 0.114782507 0
7316 0.046919795 0
7317 0.633541476 0
7318 0.043123845 0
7319 0.458438252 0
7320 0.583596047 0
7321 0.017787335 0
7322 0.536980296 0
7323 0.061008765 0
7324 0.436437626 0
7325 0.724114340 0
7326 0.037440340 0
7327 0.696757066 0
7328 0.098889618 0
7329 0.083350013 0
7330 0.036043290 0
7331 0.001905233 0
7332 0.754778347 0
7333 0.653032426 0
7334 0.672883964 0
7335 0.005835628 0
7336 0.100264366 0
7337 0.643639547 0
7338 0.705105577 0
7339 0.091235041 0
7340 0.048985030 0
7341 0.514601647 0
7342 0.131251612 0
7343 0.012805641 0
7344 0.918279140 1
7345 0.836865894 0
7346 0.390856153 0
7347 0.039446044 0
7348 0.345392577 0
7349 0.310698542 1
7350 0.332388770 0
7351 0.744865693 0
7352 0.168968687 0
7353 0.287725199 0
7354 0.345763761 0
7355 0.728429935 0
7356 0.061932195 0
7357 0.343656792 0
7358 0.065218565 0
7359 0.038741790 0
7360 0.512726434 0
7361 0.036478031 0
7362 0.156365151 0
7363 0.085998721 0
7364 0.052384405 0
7365 0.014060557 0
7366 0.146365975 0
7367 0.041113137 0
7368 0.092077050 0
7369 0.084985915 0
7370 0.018880601 0
7371 0.049342258 0
7372 0.104711117 0
7373 0.760506726 0
7374 0.123051110 0
7375 0.021403562 0
7376 0.648212988 0
7377 0.198111049 0
7378 0.904457905 1
7379 0.048926723 0
7380 0.109582320 0
7381 0.360841294 0
7382 0.150193845 0
7383 0.677050329 1
7384 0.051784785 0
7385 0.007906274 0
7386 0.034281416 0
7387 0.034995566 0
7388 0.774911155 0
7389 0.031196314 0
7390 0.667637265 0
7391 0.061922717 0
7392 0.104864764 0
7393 0.075292925 0
7394 0.047924277 0
7395 0.050730939 0
7396 0.105824580 0
7397 0.048352987 0
7398 0.840356653 0
7399 0.773236018 1
7400 0.036526852 0
7401 0.849026680 0
7402 0.769040167 0
7403 0.062158267 0
7404 0.054119818 0
7405 0.015380118 0
7406 0.115325233 0
7407 0.038923817 0
7408 0.574891429 0
7409 0.530950764 0
7410 0.812280675 1
7411 0.753194878 0
7412 0.043733434 0
7413 0.802548615 0
7414 0.705858946 0
7415 0.267257621 0
7416 0.044298866 0
7417 0.093835423 0
7418 0.054145860 0
7419 0.063378248 0
7420 0.780286163 0
7421 0.269381217 0
7422 0.091863378 0
7423 0.182977028 0
7424 0.060028594 0
7425 0.071899397 0
7426 0.005039355 0
7427 0.064624364 0
7428 0.113205049 0
7429 0.195001698 0
7430 0.028702604 0
7431 0.048975884 0
7432 0.711414521 0
7433 0.536380750 0
7434 0.690248814 0
7435 0.040782660 0
7436 0.013945430 0
7437 0.006636660 0
7438 0.600027510 0
7439 0.046461030 0
7440 0.093456000 0
7441 0.012063159 0
7442 0.784390696 0
7443 0.022034255 0
7444 0.102117133 0
7445 0.895811970 1
7446 0.056521048 0
7447 0.835027515 0
7448 0.066700377 0
7449 0.729258097 0
7450 0.107087237 0
7451 0.065811742 0
7452 0.297135025 0
7453 0.878325123 1
7454 0.002004821 0
7455 0.068000483 0
7456 0.710085581 0
7457 0.714696608 0
7458 0.016452605 0
7459 0.063299025 0
7460 0.101345598 0
7461 0.749134747 0
7462 0.022772357 0
7463 0.606176302 0
7464 0.084123456 0
7465 0.000128178 0
7466 0.193584811 0
7467 0.060292921 0
7468 0.126466992 0
7469 0.673077087 0
7470 0.089261198 1
7471 0.891845015 1
7472 0.017913854 0
7473 0.273683476 0
7474 0.773114370 0
7475 0.017125732 0
7476 0.085795007 0
7477 0.030660632 0
7478 0.040290887 0
7479 0.830583313 0
7480 0.895587580 0
7481 0.022026036 0
7482 0.369096153 0
7483 0.137725009 0
7484 0.054499474 0
7485 0.621636872 0
7486 0.085409070 0
7487 0.905555883 0
7488 0.040563749 0
7489 0.517086761 0
7490 0.678235402 0
7491 0.030657838 0
7492 0.838427924 0
7493 0.731891995 0
7494 0.721847865 0
7495 0.090140670 0
7496 0.384377238 0
7497 0.883995109 1
7498 0.034520936 0
7499 0.143093291 0
7500 0.001024047 0
7501 0.014554903 0
7502 0.696766111 0
7503 0.050676206 0
7504 0.057481424 0
7505 0.005307685 0
7506 0.344662639 0
7507 0.690555419 0
7508 0.027053543 0
7509 0.074610487 0
7510 0.039985968 0
7511 0.000573291 0
7512 0.876914802 0
7513 0.025871959 0
7514 0.403783588 0
7515 0.048342060 0
7516 0.033638489 0
7517 0.670844511 1
7518 0.083111292 0
7519 0.857201057 0
7520 0.488637221 1
7521 0.490617550 1
7522 0.226135572 0
7523 0.051359691 0
7524 0.441607211 0
7525 0.043918795 0
7526 0.894708022 0
7527 0.614502040 0
7528 0.070117797 0
7529 0.077677087 0
7530 0.069767160 0
7531 0.079691911 0
7532 0.088257747 0
7533 0.025539133 0
7534 0.009896885 0
7535 0.124359166 0
7536 0.033836753 0
7537 0.492813973 0
7538 0.075875738 0
7539 0.037336348 0
7540 0.399986805 0
7541 0.086266668 0
7542 0.025343586 0
7543 0.891418970 0
7544 0.376930347 0
7545 0.277092913 0
7546 0.821060667 1
7547 0.074062867 0
7548 0.066190703 0
7549 0.072451693 0
7550 0.037010775 0
7551 0.030118497 0
7552 0.034313264 0
7553 0.762816835 0
7554 0.047759950 0
7555 0.758898531 0
7556 0.022476398 0
7557 0.156812274 0
7558 0.087404843 0
7559 0.655011210 0
7560 0.033158144 0
7561 0.014264861 0
7562 0.817994519 0
7563 0.087722282 0
7564 0.076613325 0
7565 0.266509894 0
7566 0.689299763 0
7567 0.114405567 0
7568 0.068686128 0
7569 0.784620078 0
7570 0.825611559 0
7571 0.032613851 0
7572 0.736578944 0
7573 0.069041819 0
7574 0.020983138 0
7575 0.125742254 0
7576 0.308215935 0
7577 0.060951975 0
7578 0.509860419 0
7579 0.045117763 0
7580 0.675559913 0
7581 0.035655797 0
7582 0.008050442 0
7583 0.879370183 0
7584 0.020263111 0
7585 0.054488974 0
7586 0.818389642 0
7587 0.744465190 0
7588 0.768663201 0
7589 0.171350065 0
7590 0.022848063 0
7591 0.032646025 0
7592 0.049234454 0
7593 0.261302631 1
7594 0.037994172 0
7595 0.018088689 0
7596 0.041674174 0
7597 0.019211691 0
7598 0.050245033 0
7599 0.627088917 0
7600 0.007998487 0
7601 0.812323285 0
7602 0.044058464 0
7603 0.036466725 0
7604 0.065888558 0
7605 0.274097717 0
7606 0.722873392 0
7607 0.588564869 0
7608 0.021576619 0
7609 0.082872085 0
7610 0.038382006 0
7611 0.379627718 0
7612 0.047603532 0
7613 0.474295407 0
7614 0.684155151 0
7615 0.028409941 0
7616 0.919214350 1
7617 0.705542001 0
7618 0.807202307 0
7619 0.067330269 0
7620 0.012495159 0
7621 0.052291630 0
7622 0.098357282 0
7623 0.821335464 1
7624 0.724404206 0
7625 0.145672955 0
7626 0.010080718 0
7627 0.723440440 0
7628 0.034861404 0
7629 0.748833761 0
7630 0.858257709 0
7631 0.021216835 0
7632 0.140147906 0
7633 0.027539290 0
7634 0.698914291 0
7635 0.692727653 0
7636 0.524746736 1
7637 0.107385295 0
7638 0.003852436 0
7639 0.016117173 0
7640 0.794251362 0
7641 0.559401516 0
7642 0.714011486 0
7643 0.906085719 0
7644 0.560159011 0
7645 0.880667068 0
7646 0.809818429 0
7647 0.554418914 0
7648 0.135609473 0
7649 0.901054406 0
7650 0.203951428 0
7651 0.087961306 0
7652 0.420395427 0
7653 0.863071052 1
7654 0.808317885 0
7655 0.045459108 0
7656 0.505032740 0
7657 0.801999001 0
7658 0.637065847 1
7659 0.051208759 0
7660 0.519473390 0
7661 0.004240400 0
7662 0.647644425 0
7663 0.818413858 1
7664 0.083323564 0
7665 0.047906316 0
7666 0.463432511 1
7667 0.111459414 0
7668 0.032797796 0
7669 0.059353885 0
7670 0.084354861 0
7671 0.021704019 0
7672 0.033724015 0
7673 0.728659500 0
7674 0.015219614 0
7675 0.006312782 0
7676 0.716463756 0
7677 0.822722467 0
7678 0.132880267 0
7679 0.679513659 0
7680 0.040229264 0
7681 0.088977507 0
7682 0.866398784 0
7683 0.548886409 0
7684 0.763226722 0
7685 0.220703918 0
7686 0.712194420 1
7687 0.165488873 0
7688 0.696546587 1
7689 0.056651835 0
7690 0.078664286 0
7691 0.073533725 0
7692 0.802703335 0
7693 0.076722661 0
7694 0.017497519 0
7695 0.047295534 0
7696 0.109361558 0
7697 0.039604841 0
7698 0.135550002 0
7699 0.078094822 0
7700 0.012271637 0
7701 0.017691595 0
7702 0.006597828 0
7703 0.386446290 0
7704 0.067791060 0
7705 0.603164475 0
7706 0.116788435 0
7707 0.037825007 0
7708 0.662854811 0
7709 0.004984362 0
7710 0.648248228 0
7711 0.627621340 0
7712 0.016090916 0
7713 0.049629121 0
7714 0.896492599 0
7715 0.008782464 0
7716 0.031584483 0
7717 0.003269194 0
7718 0.063180816 0
7719 0.718224236 0
7720 0.509999642 0
7721 0.050075031 0
7722 0.097784347 0
7723 0.009791276 0
7724 0.110435282 0
7725 0.043596552 0
7726 0.144605215 0
7727 0.038083963 1
7728 0.113525005 0
7729 0.020710789 0
7730 0.027170254 0
7731 0.036488423 0
7732 0.059475577 0
7733 0.145811751 0
7734 0.056578311 0
7735 0.039486012 0
7736 0.102502232 0
7737 0.049971115 0
7738 0.072990308 0
7739 0.079780374 0
7740 0.056690933 0
7741 0.004074061 0
7742 0.428836100 0
7743 0.121065076 0
7744 0.048985315 0
7745 0.021677468 0
7746 0.778639462 0
7747 0.625966561 0
7748 0.670485018 0
7749 0.693399968 0
7750 0.429338927 1
7751 0.389105290 0
7752 0.856907050 1
7753 0.000623145 0
7754 0.061082157 0
7755 0.056548506 0
7756 0.243492854 0
7757 0.049059410 0
7758 0.508340035 0
7759 0.089254564 0
7760 0.038856092 0
7761 0.033687380 0
7762 0.061942923 0
7763 0.738799655 1
7764 0.050548218 0
7765 0.772361838 0
7766 0.252848969 0
7767 0.030238225 0
7768 0.522053592 0
7769 0.500000000 0
7770 0.616590910 0
7771 0.120179461 0
7772 0.020268585 0
7773 0.030903254 0
7774 0.282456724 0
7775 0.113961412 0
7776 0.575994022 0
7777 0.145294324 0
7778 0.054664327 0
7779 0.024780325 0
7780 0.050597851 0
7781 0.050396958 0
7782 0.738515699 0
7783 0.101225082 0
7784 0.779042064 0
7785 0.886451296 0
7786 0.213171640 0
7787 0.001262811 0
7788 0.867555727 0
7789 0.606610381 1
7790 0.051962555 0
7791 0.029674552 0
7792 0.059561266 0
7793 0.636029706 0
7794 0.151166069 0
7795 0.210025660 0
7796 0.609591451 0
7797 0.065172667 0
7798 0.600036154 1
7799 0.799393019 0
7800 0.059619074 0
7801 0.064458341 0
7802 0.116290008 0
7803 0.864084722 0
7804 0.063515951 0
7805 0.658788307 0
7806 0.005341242 0
7807 0.020801851 0
7808 0.063312212 0
7809 0.411781288 0
7810 0.109221403 0
7811 0.674165187 0
7812 0.704800251 1
7813 0.023626181 0
7814 0.514419585 0
7815 0.752192033 1
7816 0.872907683 0
7817 0.779392736 0
7818 0.516716421 0
7819 0.377405542 0
7820 0.021199917 0
7821 0.052463553 0
7822 0.108722433 0
7823 0.708680379 0
7824 0.836155604 0
7825 0.695678277 0
7826 0.050218875 0
7827 0.692294501 0
7828 0.757210146 1
7829 0.023552851 0
7830 0.070933192 0
7831 0.019342159 0
7832 0.647379362 0
7833 0.059998941 0
7834 0.422933839 0
7835 0.065887878 0
7836 0.118684722 0
7837 0.037638134 0
7838 0.115507163 0
7839 0.833089676 0
7840 0.592187219 0
7841 0.023435277 0
7842 0.110509845 0
7843 0.044706548 0
7844 0.070661174 0
7845 0.763721663 0
7846 0.000121524 0
7847 0.104629846 0
7848 0.875687389 0
7849 0.865571539 0
7850 0.297102029 0
7851 0.223731332 0
7852 0.063566546 0
7853 0.839612048 0
7854 0.722767816 0
7855 0.826059505 0
7856 0.500000000 0
7857 0.038395461 0
7858 0.487508257 0
7859 0.085054248 0
7860 0.527059372 0
7861 0.742661480 0
7862 0.056017344 0
7863 0.560178947 0
7864 0.000171071 0
7865 0.174264018 0
7866 0.648234940 0
7867 0.087244460 0
7868 0.028574905 0
7869 0.022385473 0
7870 0.662375564 0
7871 0.008064742 0
7872 0.089452074 0
7873 0.026979919 0
7874 0.791620081 0
7875 0.004568528 0
7876 0.654777038 0
7877 0.059424898 0
7878 0.000739810 0
7879 0.725459340 0
7880 0.024521098 0
7881 0.535446974 0
7882 0.693345366 0
7883 0.774658434 1
7884 0.077790308 0
7885 0.729619525 0
7886 0.652068362 0
7887 0.057816187 0
7888 0.684927194 0
7889 0.763546372 0
7890 0.053555561 0
7891 0.835032320 0
7892 0.053705406 0
7893 0.033346335 0
7894 0.147522598 0
7895 0.049992937 0
7896 0.046930028 0
7897 0.028338893 0
7898 0.021039863 0
7899 0.081617507 0
7900 0.024543517 0
7901 0.076070790 0
7902 0.051972175 0
7903 0.828541237 0
7904 0.813995126 0
7905 0.040142982 0
7906 0.067239452 0
7907 0.092511942 0
7908 0.033130595 0
7909 0.008881063 0
7910 0.030505272 0
7911 0.019325054 0
7912 0.071004315 0
7913 0.377356560 0
7914 0.066434476 0
7915 0.024489555 0
7916 0.467420869 0
7917 0.380054965 0
7918 0.833040588 0
7919 0.697632424 0
7920 0.012133919 0
7921 0.012332205 0
7922 0.541442298 0
7923 0.058387731 0
7924 0.025531281 0
7925 0.027731204 0
7926 0.799088818 1
7927 0.857574185 0
7928 0.662989006 0
7929 0.431629627 0
7930 0.046800749 0
7931 0.008564707 0
7932 0.157674210 0
7933 0.003158249 0
7934 0.653952707 0
7935 0.011056857 0
7936 0.458619766 0
7937 0.767523445 0
7938 0.826305612 0
7939 0.135016216 0
7940 0.009150709 0
7941 0.099432563 0
7942 0.019028969 0
7943 0.007241322 0
7944 0.592248458 0
7945 0.735656615 0
7946 0.820681626 0
7947 0.657952045 0
7948 0.281793960 0
7949 0.823475497 0
7950 0.661326925 0
7951 0.068407457 0
7952 0.225507183 0
7953 0.851989989 0
7954 0.073109308 0
7955 0.017923895 0
7956 0.893535648 1
7957 0.756509692 0
7958 0.112674445 0
7959 0.124757379 0
7960 0.058780269 0
7961 0.581583519 0
7962 0.088197484 0
7963 0.014688289 0
7964 0.070405061 0
7965 0.121398524 0
7966 0.636492812 0
7967 0.829278374 1
7968 0.058297600 0
7969 0.034904305 0
7970 0.110822540 0
7971 0.015685219 0
7972 0.546537002 0
7973 0.625649414 0
7974 0.063569637 0
7975 0.729565375 0
7976 0.071518798 0
7977 0.041785374 0
7978 0.150190279 0
7979 0.837982138 0
7980 0.538844356 0
7981 0.743412716 0
7982 0.077170052 0
7983 0.085620149 0
7984 0.028137775 0
7985 0.758516889 1
7986 0.023682816 0
7987 0.050083772 0
7988 0.011401154 0
7989 0.036192189 0
7990 0.699514940 0
7991 0.056988744 0
7992 0.037552093 0
7993 0.024672865 0
7994 0.052248195 0
7995 0.054934300 0
7996 0.038678680 0
7997 0.667401138 0
7998 0.059152336 0
7999 0.059297107 0
8000 0.104782106 0
8001 0.033767106 0
8002 0.014523530 0
8003 0.674594855 0
8004 0.940742723 1
8005 0.430886028 0
8006 0.145853018 0
8007 0.760523301 0
8008 0.804477923 0
8009 0.545689513 0
8010 0.696522978 0
8011 0.057006329 0
8012 0.056410209 0
8013 0.590290934 0
8014 0.864240708 0
8015 0.064204755 0
8016 0.107994280 0
8017 0.447844305 0
8018 0.645894286 1
8019 0.036724005 0
8020 0.000989884 0
8021 0.075748512 0
8022 0.054779355 0
8023 0.039059007 0
8024 0.362731410 0
8025 0.062494626 0
8026 0.002039877 0
8027 0.069949944 0
8028 0.070811346 1
8029 0.749412171 0
8030 0.156542069 0
8031 0.509456484 0
8032 0.024347695 0
8033 0.049792924 0
8034 0.021073545 0
8035 0.088242941 0
8036 0.047349876 0
8037 0.084793749 0
8038 0.687338641 0
8039 0.210909125 0
8040 0.030215020 0
8041 0.850002831 0
8042 0.608374748 0
8043 0.329851098 0
8044 0.573842974 0
8045 0.038713696 0
8046 0.826142906 0
8047 0.009193312 0
8048 0.768759077 1
8049 0.071306074 0
8050 0.011954461 0
8051 0.773115595 0
8052 0.023282538 0
8053 0.127061696 0
8054 0.766817331 0
8055 0.036005389 0
8056 0.029378004 0
8057 0.131372959 0
8058 0.038548481 0
8059 0.058165691 0
8060 0.015590618 0
8061 0.004190642 0
8062 0.011879211 0
8063 0.019766191 0
8064 0.079094391 0
8065 0.049486968 0
8066 0.149778700 0
8067 0.087335772 0
8068 0.066029985 0
8069 0.833686087 0
8070 0.075385783 0
8071 0.207880159 0
8072 0.034465908 0
8073 0.707290359 0
8074 0.101282868 0
8075 0.083879091 0
8076 0.115766317 0
8077 0.033849090 0
8078 0.818405251 1
8079 0.026607192 0
8080 0.713576377 0
8081 0.069693346 0
8082 0.699146617 0
8083 0.053959623 0
8084 0.059168867 0
8085 0.016078838 0
8086 0.095416053 0
8087 0.085747436 0
8088 0.009709840 0
8089 0.062249609 0
8090 0.791083881 0
8091 0.090941101 0
8092 0.733580827 0
8093 0.770256922 0
8094 0.058458365 0
8095 0.043005970 0
8096 0.773377536 0
8097 0.586929436 0
8098 0.406001303 1
8099 0.625359099 0
8100 0.880487510 0
8101 0.011766722 0
8102 0.714952148 0
8103 0.828614921 0
8104 0.057715965 0
8105 0.139581792 0
8106 0.453889695 0
8107 0.062240500 0
8108 0.078016595 0
8109 0.036520802 0
8110 0.626300158 0
8111 0.071789998 0
8112 0.006869012 0
8113 0.321868255 0
8114 0.166442529 0
8115 0.020458372 0
8116 0.134936064 0
8117 0.748442901 0
8118 0.667856403 1
8119 0.748085847 0
8120 0.000309185 0
8121 0.031687045 0
8122 0.001114778 0
8123 0.765718081 0
8124 0.114630632 0
8125 0.061093870 0
8126 0.112823155 0
8127 0.902439319 0
8128 0.195887517 0
8129 0.287063414 1
8130 0.005714407 0
8131 0.823881930 0
8132 0.842961932 0
8133 0.006969437 0
8134 0.927853232 0
8135 0.122035357 0
8136 0.113644354 0
8137 0.842228460 0
8138 0.022598282 0
8139 0.739803557 0
8140 0.016148557 0
8141 0.732728686 0
8142 0.039993093 0
8143 0.020505691 0
8144 0.042801843 0
8145 0.816155465 1
8146 0.128340050 0
8147 0.172830797 0
8148 0.738351152 0
8149 0.871153295 0
8150 0.131290414 0
8151 0.865398137 0
8152 0.078859885 0
8153 0.564002284 0
8154 0.740554115 0
8155 0.879180545 1
8156 0.950751518 1
8157 0.094233397 0
8158 0.811129630 0
8159 0.069652155 0
8160 0.792534174 0
8161 0.023229916 0
8162 0.722468475 0
8163 0.031498654 0
8164 0.061230612 0
8165 0.037974323 0
8166 0.098714650 0
8167 0.032036432 0
8168 0.004536505 0
8169 0.301028857 0
8170 0.046731418 0
8171 0.071245799 0
8172 0.056444594 0
8173 0.539176415 0
8174 0.901450168 0
8175 0.022804189 0
8176 0.647200097 0
8177 0.072271879 0
8178 0.136969574 0
8179 0.837300214 0
8180 0.026282358 0
8181 0.564803571 0
8182 0.565496675 0
8183 0.864277156 0
8184 0.038505510 0
8185 0.051360980 0
8186 0.080098273 0
8187 0.403179720 0
8188 0.739418883 0
8189 0.060467736 0
8190 0.099752691 0
8191 0.538453262 0
8192 0.076439218 0
8193 0.015955616 0
8194 0.609715687 0
8195 0.813434144 0
8196 0.069191403 0
8197 0.090733337 0
8198 0.046754585 0
8199 0.103687792 0
8200 0.005915673 0
8201 0.044430279 0
8202 0.730669220 0
8203 0.685837307 0
8204 0.537105814 0
8205 0.341430346 0
8206 0.048984837 0
8207 0.554194446 0
8208 0.066709645 0
8209 0.437199163 0
8210 0.827054342 0
8211 0.103689302 0
8212 0.166708323 0
8213 0.039128007 0
8214 0.032604405 0
8215 0.034529788 0
8216 0.066248670 0
8217 0.717703612 1
8218 0.096284615 0
8219 0.099473605 0
8220 0.845743435 0
8221 0.069354672 0
8222 0.038496181 0
8223 0.824479097 1
8224 0.550672848 0
8225 0.017822159 0
8226 0.067786192 0
8227 0.280568946 0
8228 0.072254670 0
8229 0.002387447 0
8230 0.781581798 0
8231 0.799801417 1
8232 0.096694079 0
8233 0.125678064 0
8234 0.015840354 0
8235 0.842753663 0
8236 0.016751729 0
8237 0.002363910 0
8238 0.760219461 1
8239 0.062488030 0
8240 0.039831116 1
8241 0.061192225 0
8242 0.145799346 0
8243 0.752600272 0
8244 0.935789999 0
8245 0.516326043 0
8246 0.544734823 0
8247 0.795987504 0
8248 0.872318894 1
8249 0.058122725 0
8250 0.109454955 0
8251 0.316043418 0
8252 0.066504594 0
8253 0.013100879 0
8254 0.775275603 0
8255 0.063501059 0
8256 0.558185799 0
8257 0.065882634 0
8258 0.040737602 0
8259 0.896143767 0
8260 0.060054703 0
8261 0.073980880 0
8262 0.021187610 0
8263 0.393871282 0
8264 0.024017649 0
8265 0.015634567 0
8266 0.031481423 0
8267 0.835635337 0
8268 0.111858071 0
8269 0.046584775 0
8270 0.025317184 0
8271 0.649238529 0
8272 0.809655664 0
8273 0.034314170 0
8274 0.363746068 1
8275 0.072263855 0
8276 0.010828201 0
8277 0.625757877 0
8278 0.027027205 0
8279 0.764261234 0
8280 0.032971541 0
8281 0.284435758 0
8282 0.000214929 0
8283 0.650308172 0
8284 0.017067653 0
8285 0.622322475 0
8286 0.632882438 0
8287 0.700557869 0
8288 0.068129092 0
8289 0.274930057 0
8290 0.714403138 1
8291 0.868216644 0
8292 0.061092990 0
8293 0.100269201 0
8294 0.054180483 0
8295 0.132795824 0
8296 0.026681958 0
8297 0.040390211 0
8298 0.034407311 0
8299 0.630048370 0
8300 0.041537869 0
8301 0.885416847 0
8302 0.002605558 0
8303 0.025047187 0
8304 0.021117433 0
8305 0.053309782 0
8306 0.041124292 0
8307 0.269955455 0
8308 0.017199976 0
8309 0.073880440 0
8310 0.604526038 0
8311 0.725338007 0
8312 0.074886120 0
8313 0.000011015 0
8314 0.462124718 0
8315 0.002889965 0
8316 0.060116973 0
8317 0.055059589 0
8318 0.720239461 0
8319 0.815798808 0
8320 0.027937274 0
8321 0.764021983 1
8322 0.020025980 0
8323 0.154042952 0
8324 0.673898819 0
8325 0.093123637 0
8326 0.786856923 1
8327 0.147367917 0
8328 0.050859694 0
8329 0.011829913 0
8330 0.818608596 0
8331 0.835845398 0
8332 0.099971192 0
8333 0.796902790 0
8334 0.794493231 0
8335 0.046760194 0
8336 0.069907632 0
8337 0.813521717 0
8338 0.027744039 0
8339 0.758703069 0
8340 0.048192611 0
8341 0.253925864 0
8342 0.060224066 0
8343 0.061880255 0
8344 0.026828403 0
8345 0.151067918 0
8346 0.415486213 0
8347 0.022390764 0
8348 0.285204474 0
8349 0.020276849 0
8350 0.801213006 0
8351 0.032864860 0
8352 0.825255737 0
8353 0.582935023 0
8354 0.000902651 0
8355 0.064330753 0
8356 0.023543564 0
8357 0.371652615 0
8358 0.875289731 1
8359 0.025878722 0
8360 0.702911270 0
8361 0.034367297 0
8362 0.021394607 0
8363 0.712165590 1
8364 0.771368159 0
8365 0.380294258 0
8366 0.008417936 0
8367 0.835761665 1
8368 0.660030613 0
8369 0.531089883 0
8370 0.124618533 0
8371 0.039726117 0
8372 0.057943738 0
8373 0.877787059 0
8374 0.057725112 0
8375 0.037834629 0
8376 0.952812173 1
8377 0.016079344 0
8378 0.024469754 0
8379 0.996353649 1
8380 0.005242577 0
8381 0.023043668 0
8382 0.131158279 0
8383 0.781352184 0
8384 0.015452264 0
8385 0.570154246 0
8386 0.696007227 0
8387 0.304933286 0
8388 0.797653475 0
8389 0.023036124 0
8390 0.646256904 0
8391 0.080950893 0
8392 0.001789174 0
8393 0.061549223 0
8394 0.150843215 0
8395 0.062628684 0
8396 0.942147309 0
8397 0.695285362 0
8398 0.662627222 0
8399 0.518492871 0
8400 0.743951224 0
8401 0.040072750 0
8402 0.094976490 0
8403 0.060314661 0
8404 0.057179908 0
8405 0.026805552 0
8406 0.061166071 0
8407 0.000797334 0
8408 0.073159870 0
8409 0.022806303 0
8410 0.673003516 0
8411 0.058744669 0
8412 0.072346741 0
8413 0.401987918 0
8414 0.587754995 0
8415 0.538449047 1
8416 0.087064939 0
8417 0.016202961 0
8418 0.191559173 0
8419 0.065006774 0
8420 0.085454419 0
8421 0.587461245 0
8422 0.530164521 0
8423 0.748482130 0
8424 0.055781054 0
8425 0.001046976 0
8426 0.892984787 0
8427 0.667958444 0
8428 0.863254464 0
8429 0.025958501 0
8430 0.362267466 0
8431 0.078674455 0
8432 0.320070197 0
8433 0.764070343 1
8434 0.030760601 0
8435 0.686384942 1
8436 0.540187546 0
8437 0.709865242 0
8438 1.000000000 0
8439 0.647043379 0
8440 0.072244052 0
8441 0.069989886 0
8442 0.082711710 0
8443 0.570400501 0
8444 0.003998510 0
8445 0.092874783 0
8446 0.178451483 0
8447 0.002548276 0
8448 0.825432997 1
8449 0.034015475 0
8450 0.003369488 0
8451 0.072557551 0
8452 0.685812291 0
8453 0.755599357 0
8454 0.608384083 0
8455 0.146704121 0
8456 0.114714789 0
8457 0.014331506 0
8458 0.095082040 0
8459 0.668508402 0
8460 0.377703575 0
8461 0.022957276 0
8462 0.841672810 0
8463 0.807890350 0
8464 0.435890376 0
8465 0.030804687 0
8466 0.068762503 0
8467 0.084722347 0
8468 0.207982085 0
8469 0.885146493 0
8470 0.072009153 0
8471 0.144017590 0
8472 0.340812564 0
8473 0.022149576 0
8474 0.083704971 0
8475 0.077397511 0
8476 0.079028727 0
8477 0.028530802 0
8478 0.044685779 0
8479 0.155355209 0
8480 0.117081993 0
8481 0.882577282 1
8482 0.590546457 0
8483 0.062944572 0
8484 0.700296521 0
8485 0.044283366 0
8486 0.721545203 0
8487 0.117674838 0
8488 0.730088789 1
8489 0.101828754 0
8490 0.067094058 0
8491 0.585572773 0
8492 0.699451767 1
8493 0.001852261 0
8494 0.038760909 0
8495 0.777173930 0
8496 0.141308523 0
8497 0.053404214 0
8498 0.037028847 0
8499 0.008671353 0
8500 0.033344263 0
8501 0.094779981 0
8502 0.040073107 0
8503 0.111160777 0
8504 0.782011570 1
8505 0.031576325 0
8506 0.709232206 1
8507 0.094560511 0
8508 0.897397595 1
8509 0.379609837 0
8510 0.035126743 0
8511 0.069673591 0
8512 0.057118923 0
8513 0.723246406 0
8514 0.080598137 0
8515 0.597357729 0
8516 0.824402285 0
8517 0.027669621 0
8518 0.802129696 0
8519 0.041111969 0
8520 0.887085351 0
8521 0.142099569 0
8522 0.825729348 0
8523 0.362566377 0
8524 0.060942447 0
8525 0.015103677 0
8526 0.009240354 0
8527 0.043037523 0
8528 0.144503316 0
8529 0.161929262 0
8530 0.018291174 0
8531 0.746602821 0
8532 0.002780131 0
8533 0.449504413 0
8534 0.754800628 0
8535 0.187251620 0
8536 0.013973151 0
8537 0.090641346 0
8538 0.235859186 0
8539 0.061174018 0
8540 0.079248214 0
8541 0.009095759 0
8542 0.124814819 0
8543 0.892841858 0
8544 0.030359455 0
8545 0.871971241 0
8546 0.315416981 0
8547 0.794522512 0
8548 0.112978155 0
8549 0.091738982 0
8550 0.288132798 0
8551 0.070162438 0
8552 0.078666677 0
8553 0.107784717 0
8554 0.641642473 0
8555 0.012546459 0
8556 0.004056198 0
8557 0.026232905 0
8558 0.393155760 0
8559 0.030507078 0
8560 0.818629021 0
8561 0.088489821 0
8562 0.616796552 0
8563 0.771617023 0
8564 0.078128580 0
8565 0.035604211 0
8566 0.035710128 0
8567 0.355085922 0
8568 0.857407063 0
8569 0.011216842 0
8570 0.006099712 0
8571 0.078462586 0
8572 0.034352164 0
8573 0.057654451 0
8574 0.132091189 0
8575 0.040167134 0
8576 0.057291590 0
8577 0.753815434 1
8578 0.506243645 0
8579 0.398680130 0
8580 0.742825153 0
8581 0.734186648 0
8582 0.155874145 0
8583 0.052492262 0
8584 0.810838949 0
8585 0.733605812 0
8586 0.085216500 0
8587 0.823711971 0
8588 0.658803960 0
8589 0.051026992 0
8590 0.140209870 0
8591 0.037287554 0
8592 0.037742077 0
8593 0.626616029 0
8594 0.014151480 0
8595 0.449597601 0
8596 0.868293157 1
8597 0.103818139 0
8598 0.917683092 0
8599 0.013265155 0
8600 0.077357567 0
8601 0.024233901 0
8602 0.078573763 0
8603 0.068894237 0
8604 0.630096641 0
8605 0.086847797 0
8606 0.144035308 0
8607 0.813402242 0
8608 0.604635004 0
8609 0.028979702 0
8610 0.870369720 1
8611 0.067817593 0
8612 0.122213393 0
8613 0.651894944 0
8614 0.199789490 0
8615 0.577068514 0
8616 0.020209121 0
8617 0.028424561 0
8618 0.012693452 0
8619 0.911043004 0
8620 0.038007310 0
8621 0.086559440 0
8622 0.802358194 0
8623 0.038532672 0
8624 0.087163450 0
8625 0.176222424 1
8626 0.789229249 0
8627 0.712778279 1
8628 0.051619166 0
8629 0.876989915 1
8630 0.040438450 0
8631 0.601145951 0
8632 0.580162360 0
8633 0.045056744 0
8634 0.851089394 0
8635 0.786828423 0
8636 0.064820401 0
8637 0.067866347 0
8638 0.028682171 0
8639 0.006920042 0
8640 0.107613425 0
8641 0.045661094 0
8642 0.678372505 0
8643 0.040701393 0
8644 0.025607906 0
8645 0.003553098 0
8646 0.712855452 0
8647 0.036961137 0
8648 0.002817991 0
8649 0.022998771 0
8650 0.058046140 0
8651 0.736452030 0
8652 0.439318474 0
8653 0.080893476 0
8654 0.451661850 0
8655 0.885082391 1
8656 0.024705928 0
8657 0.558312751 0
8658 0.687237052 0
8659 0.728281829 0
8660 0.530704679 0
8661 0.048650587 0
8662 0.767132583 0
8663 0.100377413 0
8664 0.085957623 0
8665 0.624823467 0
8666 0.053741024 0
8667 0.850603078 1
8668 0.761931219 0
8669 0.826441174 0
8670 0.023276996 0
8671 0.678863388 0
8672 0.005364460 0
8673 0.050995280 0
8674 0.017231388 0
8675 0.045463471 0
8676 0.532165236 0
8677 0.781845918 0
8678 0.060343522 0
8679 0.052805021 0
8680 0.127830761 0
8681 0.022705307 0
8682 0.248945953 0
8683 0.599691059 0
8684 0.217106759 0
8685 0.788076126 0
8686 0.895298048 0
8687 0.814191199 0
8688 0.209776789 0
8689 0.064023424 0
8690 0.009713464 0
8691 0.330959923 0
8692 0.027908807 0
8693 0.745191807 0
8694 0.803454344 0
8695 0.245268457 0
8696 0.064945301 0
8697 0.429842986 0
8698 0.623678668 0
8699 0.867221922 0
8700 0.265361630 0
8701 0.875850237 0
8702 0.036597565 0
8703 0.043518346 0
8704 0.084582062 0
8705 0.143651925 0
8706 0.023804738 0
8707 0.185734792 0
8708 0.032350574 0
8709 0.032922476 0
8710 0.022193441 0
8711 0.630737131 0
8712 0.026737306 0
8713 0.809701047 0
8714 0.647317841 0
8715 0.092499682 0
8716 0.075208760 0
8717 0.002227440 0
8718 0.106586010 0
8719 0.025426709 0
8720 0.852912740 0
8721 0.019604884 0
8722 0.021388045 0
8723 0.771935217 0
8724 0.068572208 0
8725 0.842847528 1
8726 0.053183580 0
8727 0.500000000 0
8728 0.862320765 0
8729 0.068090641 0
8730 0.011444777 0
8731 0.120335097 0
8732 0.036986108 0
8733 0.547229694 0
8734 0.364586834 0
8735 0.769215114 0
8736 0.615436256 0
8737 0.048688015 0
8738 0.775447796 1
8739 0.646456834 0
8740 0.893805764 0
8741 0.800349450 0
8742 0.012712359 0
8743 0.804174660 0
8744 0.198627424 0
8745 0.079030077 0
8746 0.053593650 0
8747 0.695091731 0
8748 0.476160129 0
8749 0.064543083 0
8750 0.019260777 0
8751 0.682266592 0
8752 0.208007532 0
8753 0.670422575 0
8754 0.383893882 0
8755 0.052907431 0
8756 0.060846844 0
8757 0.062786735 0
8758 0.887395211 0
8759 0.761549915 0
8760 0.067360371 0
8761 0.763672178 0
8762 0.000501835 0
8763 0.742582682 1
8764 0.036702812 0
8765 0.031430026 0
8766 0.095994839 0
8767 0.867403742 0
8768 0.025525545 0
8769 0.002756115 0
8770 0.738298806 0
8771 0.036762929 0
8772 0.059754806 0
8773 0.061147841 0
8774 0.143283579 0
8775 0.068688986 0
8776 0.060053119 0
8777 0.027944388 0
8778 0.049863296 0
8779 0.023474769 0
8780 0.835821625 0
8781 0.727103987 0
8782 0.069532574 0
8783 0.012226235 0
8784 0.076564820 0
8785 0.163084669 0
8786 0.056532877 0
8787 0.762726532 0
8788 0.004287095 0
8789 0.017014064 0
8790 0.033210123 0
8791 0.035319453 0
8792 0.145041192 0
8793 0.604650004 0
8794 0.780925162 0
8795 0.010420142 0
8796 0.732959093 0
8797 0.610076095 1
8798 0.059571270 0
8799 0.680260275 0
8800 0.680140395 0
8801 0.702238784 0
8802 0.684321047 0
8803 0.669946274 0
8804 0.022754156 0
8805 0.006584506 0
8806 0.047233582 0
8807 0.745839796 0
8808 0.612400989 0
8809 0.064507294 0
8810 0.859815963 0
8811 0.291468898 0
8812 0.017992020 0
8813 0.007420067 0
8814 0.050341791 0
8815 0.000406920 0
8816 0.028985907 0
8817 0.014384151 0
8818 0.132648274 0
8819 0.776174708 0
8820 0.090901158 0
8821 0.609932602 0
8822 0.537765728 0
8823 0.025701503 0
8824 0.011815062 0
8825 0.823847652 0
8826 0.846178751 0
8827 0.711164926 0
8828 0.126510591 0
8829 0.000092826 0
8830 0.028749211 0
8831 0.067755084 0
8832 0.022075967 0
8833 0.795158468 0
8834 0.073060247 0
8835 0.660639291 0
8836 0.041754310 0
8837 0.054659479 0
8838 0.427437144 1
8839 0.798813388 1
8840 0.033756839 0
8841 0.089952012 0
8842 0.389976695 0
8843 0.030361158 0
8844 0.517572665 0
8845 0.874270495 0
8846 0.073862002 0
8847 0.027523735 0
8848 0.779876024 0
8849 0.059967898 0
8850 0.613044833 0
8851 0.879927013 1
8852 0.078036220 0
8853 0.640869658 0
8854 0.081282171 0
8855 0.860226248 1
8856 0.010428324 0
8857 0.662242101 0
8858 0.800670132 0
8859 0.203814017 0
8860 0.790045490 0
8861 0.299226784 0
8862 0.090284135 0
8863 0.016573110 0
8864 0.021982927 0
8865 0.857119475 0
8866 0.006271549 0
8867 0.287644084 0
8868 0.356142323 0
8869 0.114816523 0
8870 0.681768045 0
8871 0.017439461 0
8872 0.123181290 0
8873 0.096818649 0
8874 0.748713781 0
8875 0.799932168 0
8876 0.697941887 0
8877 0.754706132 0
8878 0.903300540 1
8879 0.034573169 0
8880 0.052164950 0
8881 0.021448188 0
8882 0.647235657 0
8883 0.869981441 0
8884 0.035678158 0
8885 0.181950167 0
8886 0.065292525 0
8887 0.017478275 0
8888 0.095545583 0
8889 0.823448309 0
8890 0.103467016 0
8891 0.034795853 0
8892 0.540709098 0
8893 0.054819482 0
8894 0.000655258 0
8895 0.062912075 0
8896 0.707488788 0
8897 0.803094011 0
8898 0.081598486 0
8899 0.062254196 0
8900 0.390429815 0
8901 0.028420870 0
8902 0.623227175 0
8903 0.787006996 0
8904 0.018794181 0
8905 0.052396448 0
8906 0.040579150 0
8907 0.056485930 0
8908 0.082874243 0
8909 0.030253645 0
8910 0.794254522 0
8911 0.095582575 0
8912 0.012523058 0
8913 0.441835219 0
8914 0.825851812 0
8915 0.821072368 0
8916 0.063219603 0
8917 0.037086559 0
8918 0.028666744 0
8919 0.071816904 0
8920 0.068660478 0
8921 0.799074942 0
8922 0.024819217 0
8923 0.273411289 0
8924 0.771328897 1
8925 0.059953191 0
8926 0.077485013 0
8927 0.130841713 0
8928 0.031557657 0
8929 0.904734461 1
8930 0.000206661 0
8931 0.722509425 0
8932 0.095245889 0
8933 0.085697840 0
8934 0.041670568 0
8935 0.051329415 0
8936 0.061726999 0
8937 0.031803329 0
8938 0.110358179 0
8939 0.037862664 0
8940 0.076244188 0
8941 0.281006886 0
8942 0.044584851 0
8943 0.032842119 0
8944 0.092557885 0
8945 0.821555786 1
8946 0.117442652 0
8947 0.056529375 0
8948 0.064074260 0
8949 0.484131649 0
8950 0.029445601 0
8951 0.050548244 0
8952 0.788502171 1
8953 0.180622217 1
8954 0.043741703 0
8955 0.209397462 0
8956 0.104732397 0
8957 0.013766693 0
8958 0.040710134 0
8959 0.221239903 0
8960 0.094621142 0
8961 0.022769121 0
8962 0.024017434 0
8963 0.772890668 0
8964 0.010760880 0
8965 0.061569779 0
8966 0.064436602 0
8967 0.756496272 0
8968 0.052231927 0
8969 0.571678352 0
8970 0.038710165 0
8971 0.054743130 0
8972 0.601565538 0
8973 0.063788711 0
8974 0.047078213 0
8975 0.095470016 0
8976 0.489590878 0
8977 0.040900525 0
8978 0.792827746 0
8979 0.611101789 0
8980 0.015842565 0
8981 0.080267487 0
8982 0.222760471 0
8983 0.022640339 0
8984 0.078963691 0
8985 0.057605218 0
8986 0.291227323 0
8987 0.082262589 0
8988 0.563888216 0
8989 0.418185189 0
8990 0.107317304 0
8991 0.713654797 1
8992 0.040382828 0
8993 0.021092868 0
8994 0.691807430 0
8995 0.011097587 0
8996 0.009843411 0
8997 0.029150880 0
8998 0.819550902 0
8999 0.514504524 0
